"long","lat","order","hole","piece","id","group"
1362290.0438688,-2282591.28613283,908478,FALSE,"1","72","72.1"
1362209.69690644,-2282497.25566214,908479,FALSE,"1","72","72.1"
1362154.44347959,-2282451.14482577,908480,FALSE,"1","72","72.1"
1362140.29505216,-2282436.07893963,908481,FALSE,"1","72","72.1"
1362048.38782476,-2282337.9520366,908482,FALSE,"1","72","72.1"
1361995.03000923,-2282292.75042895,908483,FALSE,"1","72","72.1"
1361846.07131715,-2282149.20625573,908484,FALSE,"1","72","72.1"
1361683.43475372,-2281977.03221683,908485,FALSE,"1","72","72.1"
1361539.11059435,-2281827.70162748,908486,FALSE,"1","72","72.1"
1361314.26106346,-2281553.41797007,908487,FALSE,"1","72","72.1"
1361174.93197891,-2281360.72031072,908488,FALSE,"1","72","72.1"
1361097.25889487,-2281256.84681639,908489,FALSE,"1","72","72.1"
1360939.11464648,-2281050.18084899,908490,FALSE,"1","72","72.1"
1360829.60417985,-2280910.73383953,908491,FALSE,"1","72","72.1"
1360712.99093132,-2280735.06644171,908492,FALSE,"1","72","72.1"
1360626.85451511,-2280575.77874561,908493,FALSE,"1","72","72.1"
1360505.98238421,-2280382.03845626,908494,FALSE,"1","72","72.1"
1360375.76217082,-2280168.90792293,908495,FALSE,"1","72","72.1"
1360305.48589397,-2280052.66185773,908496,FALSE,"1","72","72.1"
1360193.51211791,-2279851.36869539,908497,FALSE,"1","72","72.1"
1360128.44844325,-2279746.01633789,908498,FALSE,"1","72","72.1"
1360101.80266749,-2279703.03539434,908499,FALSE,"1","72","72.1"
1360020.79917559,-2279557.25084874,908500,FALSE,"1","72","72.1"
1359991.29115029,-2279504.34369261,908501,FALSE,"1","72","72.1"
1359900.30466203,-2279312.77075532,908502,FALSE,"1","72","72.1"
1359895.54575834,-2279302.75670213,908503,FALSE,"1","72","72.1"
1359832.29426633,-2279135.90239427,908504,FALSE,"1","72","72.1"
1359806.4703077,-2279080.27864566,908505,FALSE,"1","72","72.1"
1359692.90747664,-2278848.60795702,908506,FALSE,"1","72","72.1"
1359621.45442507,-2278619.07674017,908507,FALSE,"1","72","72.1"
1359573.27678184,-2278411.17675407,908508,FALSE,"1","72","72.1"
1359530.45242777,-2278300.38781628,908509,FALSE,"1","72","72.1"
1359466.63401879,-2278103.70033065,908510,FALSE,"1","72","72.1"
1359382.11706017,-2277638.4763487,908511,FALSE,"1","72","72.1"
1359363.26771273,-2277362.41513609,908512,FALSE,"1","72","72.1"
1359344.24398501,-2277191.23935835,908513,FALSE,"1","72","72.1"
1359389.99514492,-2277173.54183238,908514,FALSE,"1","72","72.1"
1359823.02743851,-2277006.02136125,908515,FALSE,"1","72","72.1"
1359856.8904493,-2276992.92021194,908516,FALSE,"1","72","72.1"
1359942.88455367,-2276297.71465164,908517,FALSE,"1","72","72.1"
1360154.04096121,-2275346.73553132,908518,FALSE,"1","72","72.1"
1360388.16976276,-2274541.4214353,908519,FALSE,"1","72","72.1"
1360784.88907724,-2273666.06978472,908520,FALSE,"1","72","72.1"
1361144.99248,-2273002.42267745,908521,FALSE,"1","72","72.1"
1361382.37376886,-2272621.90185177,908522,FALSE,"1","72","72.1"
1361507.65590833,-2272420.86282237,908523,FALSE,"1","72","72.1"
1361669.99541659,-2272248.08524608,908524,FALSE,"1","72","72.1"
1361970.8580901,-2271666.33966043,908525,FALSE,"1","72","72.1"
1362319.73650861,-2271105.75863563,908526,FALSE,"1","72","72.1"
1362652.65867886,-2270543.33735945,908527,FALSE,"1","72","72.1"
1363207.0940201,-2269769.83015976,908528,FALSE,"1","72","72.1"
1363903.06073188,-2269021.32751595,908529,FALSE,"1","72","72.1"
1364692.33967013,-2268407.16228754,908530,FALSE,"1","72","72.1"
1365170.93244981,-2268066.23101345,908531,FALSE,"1","72","72.1"
1365279.19672978,-2267989.10846217,908532,FALSE,"1","72","72.1"
1365847.22845299,-2267514.75815411,908533,FALSE,"1","72","72.1"
1366638.32543914,-2266994.86151574,908534,FALSE,"1","72","72.1"
1366940.87114742,-2266815.14854447,908535,FALSE,"1","72","72.1"
1367217.44763523,-2266650.79049337,908536,FALSE,"1","72","72.1"
1367519.19188736,-2266394.42113407,908537,FALSE,"1","72","72.1"
1367922.79655184,-2266103.40433643,908538,FALSE,"1","72","72.1"
1368343.44539698,-2265853.07802885,908539,FALSE,"1","72","72.1"
1368365.01267055,-2265840.23571843,908540,FALSE,"1","72","72.1"
1368775.57486663,-2265556.79404831,908541,FALSE,"1","72","72.1"
1369042.88048641,-2265379.74180294,908542,FALSE,"1","72","72.1"
1369054.95345609,-2265371.76109517,908543,FALSE,"1","72","72.1"
1369347.67299246,-2265218.88821198,908544,FALSE,"1","72","72.1"
1369844.39586968,-2264987.06145033,908545,FALSE,"1","72","72.1"
1370240.01414929,-2264769.71503767,908546,FALSE,"1","72","72.1"
1370667.89857404,-2264578.68660716,908547,FALSE,"1","72","72.1"
1371041.78791411,-2264459.97177589,908548,FALSE,"1","72","72.1"
1371593.26847078,-2264263.23825104,908549,FALSE,"1","72","72.1"
1372137.96709083,-2264083.55381493,908550,FALSE,"1","72","72.1"
1372534.47468606,-2263937.87141365,908551,FALSE,"1","72","72.1"
1373127.35334661,-2263789.18988028,908552,FALSE,"1","72","72.1"
1373599.65731053,-2263635.34031986,908553,FALSE,"1","72","72.1"
1374288.28463805,-2263447.30630897,908554,FALSE,"1","72","72.1"
1374964.54117983,-2263217.25939754,908555,FALSE,"1","72","72.1"
1375935.48558377,-2262935.12159056,908556,FALSE,"1","72","72.1"
1377029.76399109,-2262630.65846552,908557,FALSE,"1","72","72.1"
1377252.02317808,-2262569.31433833,908558,FALSE,"1","72","72.1"
1377919.71679001,-2262385.00465651,908559,FALSE,"1","72","72.1"
1378529.26568314,-2262288.18532721,908560,FALSE,"1","72","72.1"
1379196.00505959,-2262186.88664119,908561,FALSE,"1","72","72.1"
1379681.11709139,-2262162.840287,908562,FALSE,"1","72","72.1"
1379782.27165876,-2262153.47787949,908563,FALSE,"1","72","72.1"
1379784.84320769,-2262163.05336666,908564,FALSE,"1","72","72.1"
1379846.27303379,-2262391.8010513,908565,FALSE,"1","72","72.1"
1379968.55048516,-2262386.42315135,908566,FALSE,"1","72","72.1"
1380293.54521042,-2262372.02479551,908567,FALSE,"1","72","72.1"
1380786.55564669,-2262405.61362445,908568,FALSE,"1","72","72.1"
1381531.74406355,-2262461.26123321,908569,FALSE,"1","72","72.1"
1381891.26668915,-2262518.3216468,908570,FALSE,"1","72","72.1"
1382029.95417312,-2262540.36716214,908571,FALSE,"1","72","72.1"
1382581.49630468,-2262515.29082481,908572,FALSE,"1","72","72.1"
1382587.99415122,-2262514.87035902,908573,FALSE,"1","72","72.1"
1383083.22394229,-2262583.21666152,908574,FALSE,"1","72","72.1"
1383311.78006556,-2262591.55485082,908575,FALSE,"1","72","72.1"
1383849.46082307,-2262454.9682863,908576,FALSE,"1","72","72.1"
1384094.95808691,-2262397.18814781,908577,FALSE,"1","72","72.1"
1384419.01308785,-2262320.94512552,908578,FALSE,"1","72","72.1"
1384835.900103,-2262238.75832569,908579,FALSE,"1","72","72.1"
1385109.23613089,-2262240.25765632,908580,FALSE,"1","72","72.1"
1385444.54276186,-2262064.47016104,908581,FALSE,"1","72","72.1"
1385650.71479555,-2261980.50643736,908582,FALSE,"1","72","72.1"
1385866.76962495,-2261892.32224224,908583,FALSE,"1","72","72.1"
1386485.32652912,-2261697.96992395,908584,FALSE,"1","72","72.1"
1387104.40428957,-2261587.07637223,908585,FALSE,"1","72","72.1"
1387639.5979605,-2261523.16244917,908586,FALSE,"1","72","72.1"
1387880.43426626,-2261498.83537216,908587,FALSE,"1","72","72.1"
1388257.12520694,-2261460.52882721,908588,FALSE,"1","72","72.1"
1388548.18426055,-2261442.64607562,908589,FALSE,"1","72","72.1"
1389077.92628702,-2261333.03894093,908590,FALSE,"1","72","72.1"
1389626.97875339,-2261263.23025453,908591,FALSE,"1","72","72.1"
1390003.79152521,-2260946.58630225,908592,FALSE,"1","72","72.1"
1390171.15399521,-2260822.06505875,908593,FALSE,"1","72","72.1"
1390078.02835077,-2260484.8022982,908594,FALSE,"1","72","72.1"
1390174.58852855,-2260408.7969236,908595,FALSE,"1","72","72.1"
1390691.62750348,-2260089.66321892,908596,FALSE,"1","72","72.1"
1391802.48884003,-2259427.78171342,908597,FALSE,"1","72","72.1"
1392722.14847665,-2258999.96484146,908598,FALSE,"1","72","72.1"
1392741.6964398,-2258991.13129414,908599,FALSE,"1","72","72.1"
1392917.57103481,-2258912.23727795,908600,FALSE,"1","72","72.1"
1393138.93112353,-2258812.81333101,908601,FALSE,"1","72","72.1"
1393650.12299897,-2258592.87651227,908602,FALSE,"1","72","72.1"
1393968.81451099,-2258493.98194516,908603,FALSE,"1","72","72.1"
1394419.05967221,-2258321.04582312,908604,FALSE,"1","72","72.1"
1394736.15208386,-2258187.22329467,908605,FALSE,"1","72","72.1"
1395037.0802202,-2258060.07650513,908606,FALSE,"1","72","72.1"
1395436.24198855,-2257957.21272706,908607,FALSE,"1","72","72.1"
1395783.27954721,-2257867.82931771,908608,FALSE,"1","72","72.1"
1396546.62863874,-2257739.95347872,908609,FALSE,"1","72","72.1"
1397034.19380327,-2257363.17869036,908610,FALSE,"1","72","72.1"
1397831.99824783,-2256894.73169442,908611,FALSE,"1","72","72.1"
1398399.46268551,-2256626.7183612,908612,FALSE,"1","72","72.1"
1398685.83384236,-2256491.48136768,908613,FALSE,"1","72","72.1"
1399118.88971769,-2256316.2891531,908614,FALSE,"1","72","72.1"
1399679.69049909,-2256089.37623242,908615,FALSE,"1","72","72.1"
1400594.48793294,-2255784.66775069,908616,FALSE,"1","72","72.1"
1401533.18068245,-2255525.99629449,908617,FALSE,"1","72","72.1"
1402393.55187303,-2255324.94517434,908618,FALSE,"1","72","72.1"
1403152.54166747,-2255166.72251222,908619,FALSE,"1","72","72.1"
1403774.38705495,-2255122.02535049,908620,FALSE,"1","72","72.1"
1403907.91415156,-2255112.46842601,908621,FALSE,"1","72","72.1"
1404736.95932598,-2255116.61047571,908622,FALSE,"1","72","72.1"
1405200.94352154,-2255150.74199973,908623,FALSE,"1","72","72.1"
1405456.26677182,-2255198.22154562,908624,FALSE,"1","72","72.1"
1405953.88305085,-2255309.35274028,908625,FALSE,"1","72","72.1"
1406430.66470808,-2255242.8307134,908626,FALSE,"1","72","72.1"
1407125.85688467,-2255253.0796552,908627,FALSE,"1","72","72.1"
1407418.20238737,-2255005.59098475,908628,FALSE,"1","72","72.1"
1407455.11188898,-2254979.87934641,908629,FALSE,"1","72","72.1"
1407943.7656929,-2254640.01067013,908630,FALSE,"1","72","72.1"
1407962.65951325,-2254631.62939493,908631,FALSE,"1","72","72.1"
1408413.3684494,-2254430.13099819,908632,FALSE,"1","72","72.1"
1408873.9197089,-2254054.17127965,908633,FALSE,"1","72","72.1"
1409342.64107264,-2253738.16192916,908634,FALSE,"1","72","72.1"
1409842.08601691,-2253406.24114921,908635,FALSE,"1","72","72.1"
1410000.70631754,-2253182.93681332,908636,FALSE,"1","72","72.1"
1410342.14126661,-2252841.54537575,908637,FALSE,"1","72","72.1"
1410855.13225652,-2252472.75963878,908638,FALSE,"1","72","72.1"
1411413.5610009,-2252113.91151581,908639,FALSE,"1","72","72.1"
1412161.80880844,-2251708.87111901,908640,FALSE,"1","72","72.1"
1412913.09009242,-2251417.1036422,908641,FALSE,"1","72","72.1"
1413251.03831826,-2251297.66007048,908642,FALSE,"1","72","72.1"
1413581.58704893,-2251062.79197275,908643,FALSE,"1","72","72.1"
1413852.88283722,-2250984.92751757,908644,FALSE,"1","72","72.1"
1414122.55790108,-2250872.25238671,908645,FALSE,"1","72","72.1"
1414524.86549398,-2250526.5872688,908646,FALSE,"1","72","72.1"
1415185.16586762,-2250112.22839104,908647,FALSE,"1","72","72.1"
1415809.43432341,-2249767.02028513,908648,FALSE,"1","72","72.1"
1416549.71921384,-2249420.07809411,908649,FALSE,"1","72","72.1"
1417414.95703627,-2249060.06608012,908650,FALSE,"1","72","72.1"
1417556.09200977,-2249009.11872519,908651,FALSE,"1","72","72.1"
1417990.50772579,-2248872.87135344,908652,FALSE,"1","72","72.1"
1418589.52487729,-2248738.77557638,908653,FALSE,"1","72","72.1"
1418811.73850182,-2248636.55316174,908654,FALSE,"1","72","72.1"
1419265.2570146,-2248365.00888505,908655,FALSE,"1","72","72.1"
1419801.21005778,-2248184.26246025,908656,FALSE,"1","72","72.1"
1420345.12234489,-2248047.79635536,908657,FALSE,"1","72","72.1"
1420892.81261625,-2247969.3990808,908658,FALSE,"1","72","72.1"
1421411.76292915,-2247973.36785135,908659,FALSE,"1","72","72.1"
1421835.54983561,-2247677.73162176,908660,FALSE,"1","72","72.1"
1422229.24090335,-2247475.72780156,908661,FALSE,"1","72","72.1"
1422315.22140872,-2247431.56203706,908662,FALSE,"1","72","72.1"
1422772.68630123,-2247277.19811569,908663,FALSE,"1","72","72.1"
1423444.13900513,-2247079.18141623,908664,FALSE,"1","72","72.1"
1423786.86303152,-2246918.00564534,908665,FALSE,"1","72","72.1"
1424436.6050089,-2246740.28019391,908666,FALSE,"1","72","72.1"
1425244.60950915,-2246572.12845768,908667,FALSE,"1","72","72.1"
1425530.18116027,-2246548.0337008,908668,FALSE,"1","72","72.1"
1426164.39093747,-2246399.88744575,908669,FALSE,"1","72","72.1"
1426910.91330163,-2246322.86617564,908670,FALSE,"1","72","72.1"
1426970.89312272,-2246298.61497165,908671,FALSE,"1","72","72.1"
1427164.00628308,-2246220.39935074,908672,FALSE,"1","72","72.1"
1427770.18053315,-2245996.05216274,908673,FALSE,"1","72","72.1"
1428748.98748871,-2245796.81444606,908674,FALSE,"1","72","72.1"
1429574.54208662,-2245724.49991757,908675,FALSE,"1","72","72.1"
1429916.39507611,-2245705.38423312,908676,FALSE,"1","72","72.1"
1430429.15919819,-2245676.63420947,908677,FALSE,"1","72","72.1"
1430696.8429534,-2245655.5822848,908678,FALSE,"1","72","72.1"
1430934.83951817,-2245669.99429173,908679,FALSE,"1","72","72.1"
1431480.71025377,-2245505.48287902,908680,FALSE,"1","72","72.1"
1431639.29440665,-2245482.58387332,908681,FALSE,"1","72","72.1"
1431901.83615155,-2245444.68124645,908682,FALSE,"1","72","72.1"
1432339.01637231,-2245385.73266029,908683,FALSE,"1","72","72.1"
1432659.76132009,-2245344.13666839,908684,FALSE,"1","72","72.1"
1432821.56519773,-2245055.82470223,908685,FALSE,"1","72","72.1"
1433146.19723677,-2244542.0555917,908686,FALSE,"1","72","72.1"
1433455.75540606,-2244089.51983571,908687,FALSE,"1","72","72.1"
1433711.60872293,-2243799.3836054,908688,FALSE,"1","72","72.1"
1433843.13252359,-2243650.34582218,908689,FALSE,"1","72","72.1"
1434328.34983633,-2243169.06093452,908690,FALSE,"1","72","72.1"
1434563.80291357,-2242971.49754185,908691,FALSE,"1","72","72.1"
1434784.97436649,-2242785.84887879,908692,FALSE,"1","72","72.1"
1435188.24092121,-2242554.06944411,908693,FALSE,"1","72","72.1"
1435605.99073917,-2242304.71561197,908694,FALSE,"1","72","72.1"
1436012.89315071,-2242087.11492709,908695,FALSE,"1","72","72.1"
1436342.28812062,-2241949.00982692,908696,FALSE,"1","72","72.1"
1436373.53679331,-2241935.87111445,908697,FALSE,"1","72","72.1"
1436395.66601418,-2241926.4781182,908698,FALSE,"1","72","72.1"
1436733.90525,-2241862.28856015,908699,FALSE,"1","72","72.1"
1437013.51822292,-2241591.29221909,908700,FALSE,"1","72","72.1"
1437307.33334568,-2241433.58085146,908701,FALSE,"1","72","72.1"
1437593.83618894,-2241262.8505404,908702,FALSE,"1","72","72.1"
1437975.10741493,-2241007.69634123,908703,FALSE,"1","72","72.1"
1438325.58777089,-2240827.85206523,908704,FALSE,"1","72","72.1"
1438526.15686979,-2240745.28768586,908705,FALSE,"1","72","72.1"
1438849.92946343,-2240612.12747507,908706,FALSE,"1","72","72.1"
1439945.44500157,-2240166.15064502,908707,FALSE,"1","72","72.1"
1440876.28108004,-2239879.13414882,908708,FALSE,"1","72","72.1"
1441609.04813224,-2239728.49609521,908709,FALSE,"1","72","72.1"
1442125.81076826,-2239670.03446986,908710,FALSE,"1","72","72.1"
1442139.59516567,-2239668.43100965,908711,FALSE,"1","72","72.1"
1442309.45895903,-2239558.73470704,908712,FALSE,"1","72","72.1"
1442513.48623502,-2239463.47917503,908713,FALSE,"1","72","72.1"
1442842.06100365,-2239385.7755938,908714,FALSE,"1","72","72.1"
1443372.41810555,-2239254.94968461,908715,FALSE,"1","72","72.1"
1443672.25720795,-2239072.74468124,908716,FALSE,"1","72","72.1"
1444048.09005872,-2238856.43705267,908717,FALSE,"1","72","72.1"
1444607.15382068,-2238615.12133901,908718,FALSE,"1","72","72.1"
1444951.55829677,-2238494.21269199,908719,FALSE,"1","72","72.1"
1445223.12349942,-2238398.81796947,908720,FALSE,"1","72","72.1"
1445303.89306913,-2238367.64631774,908721,FALSE,"1","72","72.1"
1445661.59668424,-2238228.89476125,908722,FALSE,"1","72","72.1"
1446091.65594219,-2238113.96474471,908723,FALSE,"1","72","72.1"
1446712.03322851,-2238074.23853293,908724,FALSE,"1","72","72.1"
1447302.90962814,-2238097.79706056,908725,FALSE,"1","72","72.1"
1447902.06541258,-2238137.83027726,908726,FALSE,"1","72","72.1"
1448368.12469212,-2238099.82574316,908727,FALSE,"1","72","72.1"
1448914.09219189,-2238129.19521057,908728,FALSE,"1","72","72.1"
1449179.840918,-2238051.56415107,908729,FALSE,"1","72","72.1"
1449431.19058084,-2238029.57638446,908730,FALSE,"1","72","72.1"
1449834.33223691,-2237994.10684621,908731,FALSE,"1","72","72.1"
1450056.84481041,-2237957.43756341,908732,FALSE,"1","72","72.1"
1450248.85583575,-2237880.34010862,908733,FALSE,"1","72","72.1"
1450707.02974487,-2237695.77911186,908734,FALSE,"1","72","72.1"
1451315.1339577,-2237494.18368485,908735,FALSE,"1","72","72.1"
1451698.10522268,-2237405.69573074,908736,FALSE,"1","72","72.1"
1451970.77439113,-2237150.82937843,908737,FALSE,"1","72","72.1"
1452511.93162856,-2236872.55438604,908738,FALSE,"1","72","72.1"
1453129.09610713,-2236560.28369606,908739,FALSE,"1","72","72.1"
1453683.79098806,-2236332.18646548,908740,FALSE,"1","72","72.1"
1454234.9681514,-2236149.11144282,908741,FALSE,"1","72","72.1"
1454837.85192037,-2236044.64943862,908742,FALSE,"1","72","72.1"
1455114.46350477,-2235978.50806213,908743,FALSE,"1","72","72.1"
1455286.4046986,-2235932.79215569,908744,FALSE,"1","72","72.1"
1455326.06891553,-2235922.22038059,908745,FALSE,"1","72","72.1"
1455677.76663491,-2235863.63659623,908746,FALSE,"1","72","72.1"
1456100.93475344,-2235800.25100581,908747,FALSE,"1","72","72.1"
1456840.51559094,-2235782.97708605,908748,FALSE,"1","72","72.1"
1457211.9894213,-2235585.29977924,908749,FALSE,"1","72","72.1"
1457832.24779555,-2235357.06346011,908750,FALSE,"1","72","72.1"
1458532.68096494,-2235180.54904292,908751,FALSE,"1","72","72.1"
1459221.76705685,-2235048.17777678,908752,FALSE,"1","72","72.1"
1459632.2870041,-2234692.2605955,908753,FALSE,"1","72","72.1"
1460186.07419955,-2234275.89891714,908754,FALSE,"1","72","72.1"
1460877.10376881,-2233833.3409474,908755,FALSE,"1","72","72.1"
1461559.43601074,-2233588.01433835,908756,FALSE,"1","72","72.1"
1461573.06041514,-2233583.01928855,908757,FALSE,"1","72","72.1"
1462005.58978311,-2233424.66751934,908758,FALSE,"1","72","72.1"
1462560.20603252,-2233285.51366913,908759,FALSE,"1","72","72.1"
1462767.16458295,-2233243.63269838,908760,FALSE,"1","72","72.1"
1463250.07411093,-2232997.93166541,908761,FALSE,"1","72","72.1"
1463703.48359958,-2232858.95644655,908762,FALSE,"1","72","72.1"
1464087.24319324,-2232707.78900238,908763,FALSE,"1","72","72.1"
1464580.85148916,-2232501.37805908,908764,FALSE,"1","72","72.1"
1465386.24351373,-2232180.04965676,908765,FALSE,"1","72","72.1"
1466423.63036358,-2231794.89857044,908766,FALSE,"1","72","72.1"
1467363.0048357,-2231464.35925262,908767,FALSE,"1","72","72.1"
1467402.07326458,-2231461.63861159,908768,FALSE,"1","72","72.1"
1467875.79020411,-2231429.13447703,908769,FALSE,"1","72","72.1"
1468299.73395647,-2231388.52163358,908770,FALSE,"1","72","72.1"
1468408.55774117,-2231417.13545222,908771,FALSE,"1","72","72.1"
1468805.21276649,-2231229.2430792,908772,FALSE,"1","72","72.1"
1469143.74468317,-2231187.28527023,908773,FALSE,"1","72","72.1"
1469478.51361602,-2231130.8866205,908774,FALSE,"1","72","72.1"
1469673.24730661,-2231161.4088714,908775,FALSE,"1","72","72.1"
1469985.86894716,-2230978.80726512,908776,FALSE,"1","72","72.1"
1470407.10860139,-2230824.86422131,908777,FALSE,"1","72","72.1"
1470956.35835145,-2230596.80912388,908778,FALSE,"1","72","72.1"
1471435.47973026,-2230368.48510751,908779,FALSE,"1","72","72.1"
1471964.79315853,-2230211.6805639,908780,FALSE,"1","72","72.1"
1472440.12142931,-2230099.85033339,908781,FALSE,"1","72","72.1"
1472974.65591386,-2230020.24347498,908782,FALSE,"1","72","72.1"
1473342.83331379,-2229827.62613313,908783,FALSE,"1","72","72.1"
1473662.14017089,-2229670.1527358,908784,FALSE,"1","72","72.1"
1474123.64035136,-2229492.33108278,908785,FALSE,"1","72","72.1"
1474785.91145107,-2229207.56555454,908786,FALSE,"1","72","72.1"
1475288.34405583,-2229037.38361975,908787,FALSE,"1","72","72.1"
1475839.307759,-2228860.00134687,908788,FALSE,"1","72","72.1"
1476352.25307251,-2228772.92519442,908789,FALSE,"1","72","72.1"
1477131.59005056,-2228739.96512629,908790,FALSE,"1","72","72.1"
1477310.87555169,-2228724.46126265,908791,FALSE,"1","72","72.1"
1477684.82703229,-2228640.57303675,908792,FALSE,"1","72","72.1"
1478002.28208791,-2228650.34849004,908793,FALSE,"1","72","72.1"
1478439.72900792,-2228513.63261573,908794,FALSE,"1","72","72.1"
1478701.81715254,-2228410.21866959,908795,FALSE,"1","72","72.1"
1478777.1183431,-2228380.53474495,908796,FALSE,"1","72","72.1"
1479000.08874527,-2228153.72319234,908797,FALSE,"1","72","72.1"
1479311.37745042,-2227908.02290439,908798,FALSE,"1","72","72.1"
1479655.03979371,-2227653.36814283,908799,FALSE,"1","72","72.1"
1480069.08966474,-2227414.69333093,908800,FALSE,"1","72","72.1"
1480497.79629466,-2227205.87260047,908801,FALSE,"1","72","72.1"
1480694.31299546,-2227077.69887719,908802,FALSE,"1","72","72.1"
1480905.31248093,-2226957.61104244,908803,FALSE,"1","72","72.1"
1481088.91009814,-2226867.25546965,908804,FALSE,"1","72","72.1"
1481680.10871484,-2226720.56619721,908805,FALSE,"1","72","72.1"
1482081.96480766,-2226702.81727538,908806,FALSE,"1","72","72.1"
1482624.27440707,-2226579.95276933,908807,FALSE,"1","72","72.1"
1483256.61210075,-2226495.69738581,908808,FALSE,"1","72","72.1"
1484052.03343513,-2226431.36770031,908809,FALSE,"1","72","72.1"
1484710.67609377,-2226396.17031436,908810,FALSE,"1","72","72.1"
1485259.32832502,-2226415.10965211,908811,FALSE,"1","72","72.1"
1485759.98004028,-2226498.46639098,908812,FALSE,"1","72","72.1"
1485990.67416713,-2226534.19205316,908813,FALSE,"1","72","72.1"
1486921.65037928,-2226208.05684295,908814,FALSE,"1","72","72.1"
1487580.60367778,-2226080.33557514,908815,FALSE,"1","72","72.1"
1487727.84645838,-2225926.17291953,908816,FALSE,"1","72","72.1"
1488342.74379548,-2225475.44969376,908817,FALSE,"1","72","72.1"
1489093.8100937,-2224979.55200666,908818,FALSE,"1","72","72.1"
1489756.18196773,-2224691.72687475,908819,FALSE,"1","72","72.1"
1489896.1622476,-2224630.75848244,908820,FALSE,"1","72","72.1"
1490763.09404965,-2224355.23846402,908821,FALSE,"1","72","72.1"
1491725.66002722,-2224136.01849004,908822,FALSE,"1","72","72.1"
1492079.94942962,-2224077.50156268,908823,FALSE,"1","72","72.1"
1492656.49777557,-2224010.30084847,908824,FALSE,"1","72","72.1"
1493138.82257725,-2224004.68815223,908825,FALSE,"1","72","72.1"
1493421.34574505,-2224073.47460664,908826,FALSE,"1","72","72.1"
1493777.22611663,-2224145.72057294,908827,FALSE,"1","72","72.1"
1494319.63994013,-2224255.78427619,908828,FALSE,"1","72","72.1"
1494641.14767146,-2224334.14457421,908829,FALSE,"1","72","72.1"
1495216.3862936,-2224474.47611117,908830,FALSE,"1","72","72.1"
1495413.64961031,-2224536.19196942,908831,FALSE,"1","72","72.1"
1495686.36742223,-2224375.85027373,908832,FALSE,"1","72","72.1"
1495789.5676286,-2224321.90352064,908833,FALSE,"1","72","72.1"
1496092.3585806,-2224163.76348108,908834,FALSE,"1","72","72.1"
1496228.59432214,-2224132.58250215,908835,FALSE,"1","72","72.1"
1496451.37657676,-2224081.63609841,908836,FALSE,"1","72","72.1"
1496823.00451288,-2223965.87508924,908837,FALSE,"1","72","72.1"
1497222.13420868,-2223845.43179203,908838,FALSE,"1","72","72.1"
1497316.5503158,-2223817.85167397,908839,FALSE,"1","72","72.1"
1497542.28341881,-2223751.72237362,908840,FALSE,"1","72","72.1"
1497925.92930538,-2223639.895737,908841,FALSE,"1","72","72.1"
1498164.04102052,-2223600.41290883,908842,FALSE,"1","72","72.1"
1498698.25338766,-2223533.10918657,908843,FALSE,"1","72","72.1"
1499333.72838043,-2223465.18900503,908844,FALSE,"1","72","72.1"
1499924.71397671,-2223444.39832834,908845,FALSE,"1","72","72.1"
1500472.97908988,-2223416.80943245,908846,FALSE,"1","72","72.1"
1500876.29852688,-2223381.17497766,908847,FALSE,"1","72","72.1"
1501331.95249506,-2223273.03163045,908848,FALSE,"1","72","72.1"
1501665.69375208,-2223137.3238286,908849,FALSE,"1","72","72.1"
1502155.08245435,-2222944.21097714,908850,FALSE,"1","72","72.1"
1502630.85786941,-2222754.94613233,908851,FALSE,"1","72","72.1"
1502921.00973273,-2222654.1795868,908852,FALSE,"1","72","72.1"
1503145.04500464,-2222576.39857998,908853,FALSE,"1","72","72.1"
1503700.59404343,-2222427.47057259,908854,FALSE,"1","72","72.1"
1504274.65606704,-2222318.04787885,908855,FALSE,"1","72","72.1"
1504874.97188076,-2222163.00134734,908856,FALSE,"1","72","72.1"
1505365.26216246,-2222067.8492135,908857,FALSE,"1","72","72.1"
1505795.46528358,-2221976.90714721,908858,FALSE,"1","72","72.1"
1506190.25411338,-2221958.09642907,908859,FALSE,"1","72","72.1"
1506434.55747211,-2221996.18368552,908860,FALSE,"1","72","72.1"
1506657.86538074,-2222062.69196555,908861,FALSE,"1","72","72.1"
1506659.61282081,-2222068.96008855,908862,FALSE,"1","72","72.1"
1506800.34782676,-2222573.80944888,908863,FALSE,"1","72","72.1"
1507228.97003588,-2222516.6958843,908864,FALSE,"1","72","72.1"
1507451.49580268,-2222414.45255782,908865,FALSE,"1","72","72.1"
1508078.01852031,-2222426.09385887,908866,FALSE,"1","72","72.1"
1508628.26359299,-2222436.12652517,908867,FALSE,"1","72","72.1"
1509675.76674036,-2222614.82571031,908868,FALSE,"1","72","72.1"
1510275.21081718,-2222887.0161929,908869,FALSE,"1","72","72.1"
1510668.41458538,-2223065.32314931,908870,FALSE,"1","72","72.1"
1510960.02503434,-2223324.68036167,908871,FALSE,"1","72","72.1"
1510963.49036949,-2223328.00004054,908872,FALSE,"1","72","72.1"
1511523.48287823,-2223756.66518706,908873,FALSE,"1","72","72.1"
1511866.98655035,-2223738.09165909,908874,FALSE,"1","72","72.1"
1512695.92544637,-2223719.6814287,908875,FALSE,"1","72","72.1"
1513487.80470821,-2223816.89799274,908876,FALSE,"1","72","72.1"
1513495.78148797,-2223817.78466865,908877,FALSE,"1","72","72.1"
1513579.16524071,-2223828.1338171,908878,FALSE,"1","72","72.1"
1514274.9200487,-2224080.95032971,908879,FALSE,"1","72","72.1"
1514810.26048804,-2224334.59528439,908880,FALSE,"1","72","72.1"
1515206.38210724,-2224608.48319034,908881,FALSE,"1","72","72.1"
1515565.44110642,-2224060.28467944,908882,FALSE,"1","72","72.1"
1516195.70318524,-2223301.41791141,908883,FALSE,"1","72","72.1"
1516560.9299193,-2222919.59179056,908884,FALSE,"1","72","72.1"
1516950.39581046,-2222668.90417806,908885,FALSE,"1","72","72.1"
1517027.34990804,-2222392.12986425,908886,FALSE,"1","72","72.1"
1517220.15591119,-2221766.45423422,908887,FALSE,"1","72","72.1"
1517588.7354914,-2221025.12516495,908888,FALSE,"1","72","72.1"
1517727.83860554,-2220775.34875022,908889,FALSE,"1","72","72.1"
1518197.40039046,-2220173.99698346,908890,FALSE,"1","72","72.1"
1518635.84542964,-2219702.021686,908891,FALSE,"1","72","72.1"
1519079.7103449,-2219292.18020624,908892,FALSE,"1","72","72.1"
1519445.4889065,-2219026.81290522,908893,FALSE,"1","72","72.1"
1519587.44078878,-2218944.95787015,908894,FALSE,"1","72","72.1"
1521292.25248394,-2218595.61071187,908895,FALSE,"1","72","72.1"
1523580.48520783,-2218249.11657221,908896,FALSE,"1","72","72.1"
1525827.09614491,-2218231.91299211,908897,FALSE,"1","72","72.1"
1527789.61050626,-2218262.4723279,908898,FALSE,"1","72","72.1"
1530209.02351686,-2218356.71065652,908899,FALSE,"1","72","72.1"
1532300.75934572,-2218482.69012188,908900,FALSE,"1","72","72.1"
1533282.45867058,-2218552.9794059,908901,FALSE,"1","72","72.1"
1534089.55163533,-2218633.9013092,908902,FALSE,"1","72","72.1"
1534655.36889447,-2218489.10150313,908903,FALSE,"1","72","72.1"
1535020.13186443,-2218456.84801584,908904,FALSE,"1","72","72.1"
1535135.04204949,-2218446.7053431,908905,FALSE,"1","72","72.1"
1535546.51611685,-2218560.00655589,908906,FALSE,"1","72","72.1"
1536274.7645435,-2218390.51420378,908907,FALSE,"1","72","72.1"
1536621.25914448,-2218455.26224897,908908,FALSE,"1","72","72.1"
1536878.70132002,-2218503.42279046,908909,FALSE,"1","72","72.1"
1537219.07639965,-2218556.5710392,908910,FALSE,"1","72","72.1"
1537981.0829122,-2218132.68652761,908911,FALSE,"1","72","72.1"
1539093.57523437,-2217741.75060717,908912,FALSE,"1","72","72.1"
1539601.3185153,-2217599.76745058,908913,FALSE,"1","72","72.1"
1540595.01919198,-2217380.59390433,908914,FALSE,"1","72","72.1"
1541213.02314162,-2217221.31790561,908915,FALSE,"1","72","72.1"
1541223.11527248,-2217218.70308647,908916,FALSE,"1","72","72.1"
1541346.80885109,-2216510.7457898,908917,FALSE,"1","72","72.1"
1541481.17106461,-2215886.88219853,908918,FALSE,"1","72","72.1"
1541765.16277186,-2215147.08999568,908919,FALSE,"1","72","72.1"
1542207.06162552,-2214396.70676367,908920,FALSE,"1","72","72.1"
1542835.45366962,-2213623.91429092,908921,FALSE,"1","72","72.1"
1543495.75513881,-2212954.96072224,908922,FALSE,"1","72","72.1"
1544256.15508372,-2212394.56688437,908923,FALSE,"1","72","72.1"
1545027.80465758,-2212022.51353645,908924,FALSE,"1","72","72.1"
1545239.08909833,-2211966.2978604,908925,FALSE,"1","72","72.1"
1545793.00275365,-2211806.41709519,908926,FALSE,"1","72","72.1"
1546482.58326333,-2211660.68706066,908927,FALSE,"1","72","72.1"
1547153.63552614,-2211618.92200571,908928,FALSE,"1","72","72.1"
1547685.96921043,-2211641.13157221,908929,FALSE,"1","72","72.1"
1548361.25562778,-2211730.30596966,908930,FALSE,"1","72","72.1"
1549068.99611032,-2211838.5179168,908931,FALSE,"1","72","72.1"
1549602.45794054,-2211735.68071438,908932,FALSE,"1","72","72.1"
1550228.72127472,-2211715.87383722,908933,FALSE,"1","72","72.1"
1550919.34583891,-2211746.37689491,908934,FALSE,"1","72","72.1"
1551669.87975389,-2211897.54952957,908935,FALSE,"1","72","72.1"
1552280.82641683,-2212109.21594518,908936,FALSE,"1","72","72.1"
1552875.43654858,-2212419.96871975,908937,FALSE,"1","72","72.1"
1553033.9072391,-2212487.01352112,908938,FALSE,"1","72","72.1"
1553342.19551465,-2212617.44224118,908939,FALSE,"1","72","72.1"
1554984.31481149,-2211957.54077331,908940,FALSE,"1","72","72.1"
1555104.16216338,-2211843.45488928,908941,FALSE,"1","72","72.1"
1555343.98705281,-2211614.98276126,908942,FALSE,"1","72","72.1"
1555615.92287552,-2211418.86604641,908943,FALSE,"1","72","72.1"
1555954.15714371,-2211175.0212787,908944,FALSE,"1","72","72.1"
1556654.03938311,-2210779.32903708,908945,FALSE,"1","72","72.1"
1557368.05632643,-2210377.82360516,908946,FALSE,"1","72","72.1"
1558017.58301932,-2209781.03948039,908947,FALSE,"1","72","72.1"
1558351.75661822,-2209492.94875816,908948,FALSE,"1","72","72.1"
1558851.88979512,-2209152.09265123,908949,FALSE,"1","72","72.1"
1559672.84476002,-2208783.69270498,908950,FALSE,"1","72","72.1"
1560323.11769287,-2208596.02464431,908951,FALSE,"1","72","72.1"
1561219.27677691,-2208434.58725016,908952,FALSE,"1","72","72.1"
1561923.34555326,-2208446.43543815,908953,FALSE,"1","72","72.1"
1562628.76231754,-2208550.08733107,908954,FALSE,"1","72","72.1"
1563687.35344505,-2208918.35292686,908955,FALSE,"1","72","72.1"
1564299.94725535,-2209244.06107547,908956,FALSE,"1","72","72.1"
1564712.35044411,-2209626.60061676,908957,FALSE,"1","72","72.1"
1564970.06440453,-2209832.73213424,908958,FALSE,"1","72","72.1"
1565640.86204538,-2210264.37278754,908959,FALSE,"1","72","72.1"
1566047.98458491,-2210648.4750338,908960,FALSE,"1","72","72.1"
1566222.42236029,-2210812.9863405,908961,FALSE,"1","72","72.1"
1566696.31089566,-2211453.72944477,908962,FALSE,"1","72","72.1"
1566840.01753838,-2211729.57685096,908963,FALSE,"1","72","72.1"
1567442.70138247,-2212353.96309086,908964,FALSE,"1","72","72.1"
1567954.13124093,-2212975.40240654,908965,FALSE,"1","72","72.1"
1568369.70087667,-2213873.53470771,908966,FALSE,"1","72","72.1"
1568866.95337434,-2214980.09352686,908967,FALSE,"1","72","72.1"
1569130.19749362,-2216037.03051807,908968,FALSE,"1","72","72.1"
1569127.56670252,-2217141.78780448,908969,FALSE,"1","72","72.1"
1568984.18435445,-2218094.36768774,908970,FALSE,"1","72","72.1"
1568711.60542903,-2219098.84420776,908971,FALSE,"1","72","72.1"
1568487.54053977,-2220036.63239391,908972,FALSE,"1","72","72.1"
1568368.81205996,-2220753.60520785,908973,FALSE,"1","72","72.1"
1568260.4556049,-2221691.69497746,908974,FALSE,"1","72","72.1"
1568036.05097909,-2222383.04658785,908975,FALSE,"1","72","72.1"
1567730.66693205,-2223079.23601459,908976,FALSE,"1","72","72.1"
1567644.55621741,-2223236.2459405,908977,FALSE,"1","72","72.1"
1567538.10601531,-2223280.37468085,908978,FALSE,"1","72","72.1"
1567269.46455497,-2223784.35033822,908979,FALSE,"1","72","72.1"
1566772.01110759,-2224396.0421128,908980,FALSE,"1","72","72.1"
1566713.38471721,-2224448.2004716,908981,FALSE,"1","72","72.1"
1566019.66975125,-2225064.64941709,908982,FALSE,"1","72","72.1"
1565343.76003683,-2225641.25798751,908983,FALSE,"1","72","72.1"
1564532.06784543,-2226052.88708377,908984,FALSE,"1","72","72.1"
1563820.67601586,-2226302.33370553,908985,FALSE,"1","72","72.1"
1563128.75950583,-2226426.52811143,908986,FALSE,"1","72","72.1"
1562765.27289954,-2226441.68198522,908987,FALSE,"1","72","72.1"
1562508.72910847,-2226930.60475563,908988,FALSE,"1","72","72.1"
1561978.04727777,-2227597.85616111,908989,FALSE,"1","72","72.1"
1561031.05005177,-2228323.1539777,908990,FALSE,"1","72","72.1"
1559780.5232251,-2229102.14610347,908991,FALSE,"1","72","72.1"
1558693.53958048,-2229383.95183054,908992,FALSE,"1","72","72.1"
1557679.23682788,-2229485.56267373,908993,FALSE,"1","72","72.1"
1556663.1659856,-2229382.42546312,908994,FALSE,"1","72","72.1"
1556001.99277978,-2229146.90781693,908995,FALSE,"1","72","72.1"
1555335.08261517,-2228732.65748592,908996,FALSE,"1","72","72.1"
1555053.66983438,-2228873.69407232,908997,FALSE,"1","72","72.1"
1554578.44080329,-2229118.04380241,908998,FALSE,"1","72","72.1"
1553805.09858519,-2229301.09931586,908999,FALSE,"1","72","72.1"
1553447.89962901,-2229305.79500894,909000,FALSE,"1","72","72.1"
1552950.10914307,-2229312.30333562,909001,FALSE,"1","72","72.1"
1552401.42657512,-2229266.31385496,909002,FALSE,"1","72","72.1"
1551656.27197951,-2229203.4384118,909003,FALSE,"1","72","72.1"
1550923.37539125,-2229014.3731987,909004,FALSE,"1","72","72.1"
1550414.36462319,-2228785.35109972,909005,FALSE,"1","72","72.1"
1550391.96443807,-2228775.27236054,909006,FALSE,"1","72","72.1"
1549931.60775921,-2228582.4532659,909007,FALSE,"1","72","72.1"
1549920.20476851,-2228577.67481676,909008,FALSE,"1","72","72.1"
1549908.77197609,-2228572.79016553,909009,FALSE,"1","72","72.1"
1549494.38482187,-2228455.0780042,909010,FALSE,"1","72","72.1"
1548894.19806153,-2228547.53947573,909011,FALSE,"1","72","72.1"
1547607.02376234,-2228526.65728313,909012,FALSE,"1","72","72.1"
1546658.7540905,-2228538.07379511,909013,FALSE,"1","72","72.1"
1545546.24283746,-2228230.2467089,909014,FALSE,"1","72","72.1"
1545088.72147227,-2227932.42480304,909015,FALSE,"1","72","72.1"
1545061.30072914,-2227926.89015052,909016,FALSE,"1","72","72.1"
1544370.01696453,-2227786.84706909,909017,FALSE,"1","72","72.1"
1544244.94007176,-2227761.44094301,909018,FALSE,"1","72","72.1"
1543874.83449573,-2227994.03482086,909019,FALSE,"1","72","72.1"
1542890.26500233,-2228440.97968585,909020,FALSE,"1","72","72.1"
1541730.26017549,-2228717.5920739,909021,FALSE,"1","72","72.1"
1540444.3306909,-2229096.71194544,909022,FALSE,"1","72","72.1"
1541123.47654733,-2230015.36528815,909023,FALSE,"1","72","72.1"
1541477.07314223,-2230820.04471779,909024,FALSE,"1","72","72.1"
1541639.1255358,-2231585.12455831,909025,FALSE,"1","72","72.1"
1541744.89819029,-2232432.87910489,909026,FALSE,"1","72","72.1"
1541754.60692057,-2233133.93596728,909027,FALSE,"1","72","72.1"
1541755.38796056,-2233190.4536565,909028,FALSE,"1","72","72.1"
1541620.24604053,-2233976.22112539,909029,FALSE,"1","72","72.1"
1541540.02867962,-2234522.59097451,909030,FALSE,"1","72","72.1"
1540946.65819406,-2235983.69738736,909031,FALSE,"1","72","72.1"
1540391.46675481,-2236699.66629036,909032,FALSE,"1","72","72.1"
1539704.02244895,-2237452.30852229,909033,FALSE,"1","72","72.1"
1538782.71347256,-2238202.5322821,909034,FALSE,"1","72","72.1"
1538714.55100614,-2237958.11272631,909035,FALSE,"1","72","72.1"
1537530.44841068,-2238612.11832429,909036,FALSE,"1","72","72.1"
1536788.57452302,-2239276.36295999,909037,FALSE,"1","72","72.1"
1535498.53914175,-2239998.24809962,909038,FALSE,"1","72","72.1"
1534951.81553578,-2241168.07129762,909039,FALSE,"1","72","72.1"
1534878.24435612,-2241809.20573782,909040,FALSE,"1","72","72.1"
1534603.11196142,-2242810.47671109,909041,FALSE,"1","72","72.1"
1534533.12591867,-2243452.56938562,909042,FALSE,"1","72","72.1"
1534516.29153171,-2243607.2567135,909043,FALSE,"1","72","72.1"
1534428.49064975,-2244411.86072803,909044,FALSE,"1","72","72.1"
1534934.86562281,-2243588.5127143,909045,FALSE,"1","72","72.1"
1535621.17800828,-2242471.97169487,909046,FALSE,"1","72","72.1"
1535625.57262272,-2242464.7278455,909047,FALSE,"1","72","72.1"
1535862.28783636,-2241868.82162075,909048,FALSE,"1","72","72.1"
1536655.6796049,-2240774.32318584,909049,FALSE,"1","72","72.1"
1536743.26681621,-2240653.44645578,909050,FALSE,"1","72","72.1"
1536791.99261783,-2240607.31863684,909051,FALSE,"1","72","72.1"
1537933.78467994,-2239526.81511147,909052,FALSE,"1","72","72.1"
1538986.32965767,-2238931.16716118,909053,FALSE,"1","72","72.1"
1539721.9331841,-2238496.41965949,909054,FALSE,"1","72","72.1"
1540182.47012567,-2238019.28176524,909055,FALSE,"1","72","72.1"
1540853.4095937,-2237576.94968983,909056,FALSE,"1","72","72.1"
1541223.179818,-2237333.14685066,909057,FALSE,"1","72","72.1"
1542271.08318701,-2236763.57111354,909058,FALSE,"1","72","72.1"
1543916.05762212,-2236450.39241684,909059,FALSE,"1","72","72.1"
1544595.78574917,-2236507.06841721,909060,FALSE,"1","72","72.1"
1545122.79028331,-2236551.05648175,909061,FALSE,"1","72","72.1"
1545938.86343547,-2236859.70821789,909062,FALSE,"1","72","72.1"
1546884.02259702,-2236422.57634178,909063,FALSE,"1","72","72.1"
1548312.74057324,-2235608.80043614,909064,FALSE,"1","72","72.1"
1548912.85122337,-2235316.56365867,909065,FALSE,"1","72","72.1"
1549493.23295554,-2235033.6977636,909066,FALSE,"1","72","72.1"
1551559.98525145,-2234459.55085652,909067,FALSE,"1","72","72.1"
1552306.62004525,-2234249.03955898,909068,FALSE,"1","72","72.1"
1552314.71131805,-2234248.31127552,909069,FALSE,"1","72","72.1"
1553388.53342919,-2233948.70042353,909070,FALSE,"1","72","72.1"
1553470.31336272,-2233929.91362746,909071,FALSE,"1","72","72.1"
1554314.7244723,-2233736.35759784,909072,FALSE,"1","72","72.1"
1555262.02016715,-2233607.4952964,909073,FALSE,"1","72","72.1"
1556093.74072688,-2233568.51259204,909074,FALSE,"1","72","72.1"
1556384.65943244,-2233592.55025312,909075,FALSE,"1","72","72.1"
1557176.28901424,-2233284.94051673,909076,FALSE,"1","72","72.1"
1557655.18758678,-2233212.15464356,909077,FALSE,"1","72","72.1"
1558328.11187338,-2232810.40071052,909078,FALSE,"1","72","72.1"
1558948.854443,-2232604.19550874,909079,FALSE,"1","72","72.1"
1559621.18251901,-2232492.64255826,909080,FALSE,"1","72","72.1"
1560574.24027275,-2232038.81600279,909081,FALSE,"1","72","72.1"
1561447.32954258,-2231740.21280121,909082,FALSE,"1","72","72.1"
1562124.65342961,-2231658.61907091,909083,FALSE,"1","72","72.1"
1562964.50015524,-2231660.05226714,909084,FALSE,"1","72","72.1"
1563722.18769455,-2231769.35332015,909085,FALSE,"1","72","72.1"
1564056.22206059,-2231808.02809309,909086,FALSE,"1","72","72.1"
1564297.8489341,-2231835.96736986,909087,FALSE,"1","72","72.1"
1564685.67637338,-2231959.2809884,909088,FALSE,"1","72","72.1"
1565272.28871618,-2232231.93896452,909089,FALSE,"1","72","72.1"
1565598.86552657,-2232378.55261349,909090,FALSE,"1","72","72.1"
1566211.44019351,-2232495.58026739,909091,FALSE,"1","72","72.1"
1566844.73214507,-2232716.48746207,909092,FALSE,"1","72","72.1"
1567465.2577546,-2233047.31393583,909093,FALSE,"1","72","72.1"
1568059.39367993,-2233453.40357576,909094,FALSE,"1","72","72.1"
1568714.57441625,-2234123.65747243,909095,FALSE,"1","72","72.1"
1569221.52921989,-2234967.63376825,909096,FALSE,"1","72","72.1"
1569554.8892064,-2235694.17568835,909097,FALSE,"1","72","72.1"
1569732.49339361,-2236452.95708969,909098,FALSE,"1","72","72.1"
1569840.95383537,-2237145.05504021,909099,FALSE,"1","72","72.1"
1569868.43014971,-2237916.17824026,909100,FALSE,"1","72","72.1"
1569672.13088239,-2239323.89673413,909101,FALSE,"1","72","72.1"
1569266.9251285,-2240279.33262125,909102,FALSE,"1","72","72.1"
1568764.02995571,-2241222.3621282,909103,FALSE,"1","72","72.1"
1568185.51587936,-2241994.17526953,909104,FALSE,"1","72","72.1"
1567682.02605183,-2242626.10204906,909105,FALSE,"1","72","72.1"
1567197.83552097,-2243048.79620767,909106,FALSE,"1","72","72.1"
1566474.72758904,-2243512.95716845,909107,FALSE,"1","72","72.1"
1566137.8884119,-2243698.59688973,909108,FALSE,"1","72","72.1"
1565843.60031126,-2243860.71398515,909109,FALSE,"1","72","72.1"
1565537.99423792,-2243975.36496343,909110,FALSE,"1","72","72.1"
1565042.87198863,-2244528.43242663,909111,FALSE,"1","72","72.1"
1564347.8570184,-2245179.38295527,909112,FALSE,"1","72","72.1"
1563443.98069009,-2245858.75806711,909113,FALSE,"1","72","72.1"
1562643.57014544,-2246315.24736781,909114,FALSE,"1","72","72.1"
1561860.19725296,-2246589.9014554,909115,FALSE,"1","72","72.1"
1561362.1348059,-2247265.79389078,909116,FALSE,"1","72","72.1"
1560819.77196485,-2247783.1817231,909117,FALSE,"1","72","72.1"
1560814.36095946,-2247788.3737623,909118,FALSE,"1","72","72.1"
1559973.74872963,-2248428.17228833,909119,FALSE,"1","72","72.1"
1559145.10495548,-2248896.40968722,909120,FALSE,"1","72","72.1"
1558664.75819481,-2249057.15522695,909121,FALSE,"1","72","72.1"
1558581.0300404,-2249085.13958438,909122,FALSE,"1","72","72.1"
1558331.64828027,-2249122.87322842,909123,FALSE,"1","72","72.1"
1557875.91265069,-2249516.64607016,909124,FALSE,"1","72","72.1"
1557346.91846829,-2249970.02927525,909125,FALSE,"1","72","72.1"
1556598.15804064,-2250480.9205239,909126,FALSE,"1","72","72.1"
1556130.22985988,-2250792.89148356,909127,FALSE,"1","72","72.1"
1555868.26840311,-2250914.44891117,909128,FALSE,"1","72","72.1"
1554938.91722533,-2251277.59411086,909129,FALSE,"1","72","72.1"
1554478.59718284,-2251377.83363325,909130,FALSE,"1","72","72.1"
1553645.81305496,-2252600.04975569,909131,FALSE,"1","72","72.1"
1552792.08226069,-2253384.30145409,909132,FALSE,"1","72","72.1"
1552066.96523006,-2253928.18126134,909133,FALSE,"1","72","72.1"
1551497.4417561,-2254203.16060689,909134,FALSE,"1","72","72.1"
1550897.84116324,-2254906.10207544,909135,FALSE,"1","72","72.1"
1550150.71681501,-2255431.06673459,909136,FALSE,"1","72","72.1"
1549577.17760554,-2255784.07805049,909137,FALSE,"1","72","72.1"
1549426.80859876,-2255876.58005122,909138,FALSE,"1","72","72.1"
1548624.19218778,-2256198.580389,909139,FALSE,"1","72","72.1"
1547991.93380824,-2256298.29610436,909140,FALSE,"1","72","72.1"
1547799.78126882,-2256412.52196093,909141,FALSE,"1","72","72.1"
1547139.28094097,-2256715.80356998,909142,FALSE,"1","72","72.1"
1546391.63018674,-2257009.0902375,909143,FALSE,"1","72","72.1"
1546382.61213429,-2257010.89547492,909144,FALSE,"1","72","72.1"
1545507.26942511,-2257184.66132541,909145,FALSE,"1","72","72.1"
1544784.46893872,-2257186.48879283,909146,FALSE,"1","72","72.1"
1544486.97193035,-2257181.12582989,909147,FALSE,"1","72","72.1"
1544322.09806601,-2257266.92070364,909148,FALSE,"1","72","72.1"
1544148.52505345,-2257451.98814052,909149,FALSE,"1","72","72.1"
1543965.11948633,-2257868.81701425,909150,FALSE,"1","72","72.1"
1543504.7835373,-2258364.30883629,909151,FALSE,"1","72","72.1"
1542906.00428066,-2258957.26864195,909152,FALSE,"1","72","72.1"
1542021.87677323,-2259648.17982924,909153,FALSE,"1","72","72.1"
1541292.02637159,-2260102.86816439,909154,FALSE,"1","72","72.1"
1540505.53238734,-2260512.75544481,909155,FALSE,"1","72","72.1"
1539536.93917263,-2260813.48426075,909156,FALSE,"1","72","72.1"
1538837.38240145,-2260890.64522174,909157,FALSE,"1","72","72.1"
1537994.398519,-2260910.85440902,909158,FALSE,"1","72","72.1"
1537450.20885406,-2260907.58737189,909159,FALSE,"1","72","72.1"
1536855.54814805,-2260977.30842671,909160,FALSE,"1","72","72.1"
1536804.85881397,-2260980.52535262,909161,FALSE,"1","72","72.1"
1536103.50267397,-2261023.917265,909162,FALSE,"1","72","72.1"
1535295.027235,-2261053.78788823,909163,FALSE,"1","72","72.1"
1534562.77897703,-2260879.93025244,909164,FALSE,"1","72","72.1"
1533877.63403903,-2260662.3118743,909165,FALSE,"1","72","72.1"
1533301.83480208,-2260411.47318139,909166,FALSE,"1","72","72.1"
1532616.37225869,-2260137.86770746,909167,FALSE,"1","72","72.1"
1531930.89583995,-2259712.05532576,909168,FALSE,"1","72","72.1"
1531863.21554002,-2259663.53722934,909169,FALSE,"1","72","72.1"
1531296.45800712,-2259257.10030612,909170,FALSE,"1","72","72.1"
1530646.0284,-2258649.02100635,909171,FALSE,"1","72","72.1"
1530184.08322473,-2258135.20488503,909172,FALSE,"1","72","72.1"
1529829.32588165,-2257589.33801366,909173,FALSE,"1","72","72.1"
1529417.99740191,-2256644.06478389,909174,FALSE,"1","72","72.1"
1529154.452161,-2255709.9953413,909175,FALSE,"1","72","72.1"
1528848.68801089,-2254765.1087418,909176,FALSE,"1","72","72.1"
1528670.91370111,-2254069.50473048,909177,FALSE,"1","72","72.1"
1528673.19923714,-2254068.5718733,909178,FALSE,"1","72","72.1"
1528553.542528,-2253414.27292061,909179,FALSE,"1","72","72.1"
1528581.68546585,-2252798.37382337,909180,FALSE,"1","72","72.1"
1528724.84609886,-2251726.42790936,909181,FALSE,"1","72","72.1"
1528725.60497752,-2251720.79617214,909182,FALSE,"1","72","72.1"
1528758.84862367,-2251459.33929011,909183,FALSE,"1","72","72.1"
1528959.41367941,-2250895.14571057,909184,FALSE,"1","72","72.1"
1529035.71569614,-2250235.37403436,909185,FALSE,"1","72","72.1"
1529029.66912155,-2250240.68208131,909186,FALSE,"1","72","72.1"
1528862.98382422,-2250469.6054067,909187,FALSE,"1","72","72.1"
1528738.32584481,-2250663.50021589,909188,FALSE,"1","72","72.1"
1528613.45207751,-2250814.42857447,909189,FALSE,"1","72","72.1"
1528498.21019421,-2250910.44708243,909190,FALSE,"1","72","72.1"
1527993.97606599,-2251523.13781886,909191,FALSE,"1","72","72.1"
1527809.12025421,-2251747.72296307,909192,FALSE,"1","72","72.1"
1527119.70911747,-2252585.00734305,909193,FALSE,"1","72","72.1"
1526563.08796213,-2253260.98624604,909194,FALSE,"1","72","72.1"
1526006.25813212,-2253936.85210932,909195,FALSE,"1","72","72.1"
1525777.37971493,-2254183.67009783,909196,FALSE,"1","72","72.1"
1525354.67092431,-2254659.78688712,909197,FALSE,"1","72","72.1"
1525342.60953928,-2254673.33576585,909198,FALSE,"1","72","72.1"
1524998.34923883,-2255009.60132574,909199,FALSE,"1","72","72.1"
1524608.30431569,-2255263.77264958,909200,FALSE,"1","72","72.1"
1524287.94619831,-2255417.39921736,909201,FALSE,"1","72","72.1"
1523953.59567129,-2255633.10513509,909202,FALSE,"1","72","72.1"
1523619.30600441,-2255792.37571871,909203,FALSE,"1","72","72.1"
1523308.54088214,-2255910.00801057,909204,FALSE,"1","72","72.1"
1523005.8518044,-2256000.10239572,909205,FALSE,"1","72","72.1"
1522762.41076926,-2256078.46363007,909206,FALSE,"1","72","72.1"
1522710.78075452,-2256316.53727813,909207,FALSE,"1","72","72.1"
1522622.79560543,-2256535.60588834,909208,FALSE,"1","72","72.1"
1522304.97780732,-2257061.16727298,909209,FALSE,"1","72","72.1"
1522079.58003638,-2257573.05909478,909210,FALSE,"1","72","72.1"
1521735.25782632,-2258162.18281245,909211,FALSE,"1","72","72.1"
1521274.79495208,-2258698.77834221,909212,FALSE,"1","72","72.1"
1520898.28483867,-2259115.94054463,909213,FALSE,"1","72","72.1"
1520702.48749229,-2259297.49838304,909214,FALSE,"1","72","72.1"
1520766.39426006,-2259737.99094935,909215,FALSE,"1","72","72.1"
1520750.51275287,-2260356.42923184,909216,FALSE,"1","72","72.1"
1520698.24043332,-2261167.0481154,909217,FALSE,"1","72","72.1"
1520661.26346189,-2261372.59926969,909218,FALSE,"1","72","72.1"
1520573.64756065,-2261858.38588792,909219,FALSE,"1","72","72.1"
1520389.91862717,-2262477.67112901,909220,FALSE,"1","72","72.1"
1520041.46953742,-2263221.33994602,909221,FALSE,"1","72","72.1"
1519695.35277337,-2263762.6528568,909222,FALSE,"1","72","72.1"
1519455.96664518,-2263998.3402313,909223,FALSE,"1","72","72.1"
1519603.7864457,-2264911.19208095,909224,FALSE,"1","72","72.1"
1519538.61337913,-2265549.85688963,909225,FALSE,"1","72","72.1"
1519432.48975767,-2266124.91770159,909226,FALSE,"1","72","72.1"
1519339.64240212,-2266424.70925325,909227,FALSE,"1","72","72.1"
1519389.66283138,-2266886.90799012,909228,FALSE,"1","72","72.1"
1519390.0716155,-2267550.73040189,909229,FALSE,"1","72","72.1"
1519350.34256456,-2267821.00218671,909230,FALSE,"1","72","72.1"
1519198.95513564,-2268268.59637975,909231,FALSE,"1","72","72.1"
1518909.37812822,-2268858.42818828,909232,FALSE,"1","72","72.1"
1518539.33514895,-2269480.90137859,909233,FALSE,"1","72","72.1"
1518125.37660721,-2269943.49237624,909234,FALSE,"1","72","72.1"
1517411.87559888,-2270651.30789578,909235,FALSE,"1","72","72.1"
1516667.88565669,-2271247.95229988,909236,FALSE,"1","72","72.1"
1516886.80712502,-2271690.99224024,909237,FALSE,"1","72","72.1"
1517038.34157959,-2272220.89971997,909238,FALSE,"1","72","72.1"
1517153.62842829,-2272943.14538244,909239,FALSE,"1","72","72.1"
1517072.84958776,-2273560.90938362,909240,FALSE,"1","72","72.1"
1516913.40242008,-2274643.29024011,909241,FALSE,"1","72","72.1"
1516579.62684561,-2275693.20665533,909242,FALSE,"1","72","72.1"
1516377.87787847,-2276327.80417944,909243,FALSE,"1","72","72.1"
1515806.88083816,-2277240.88495315,909244,FALSE,"1","72","72.1"
1515327.39981821,-2277878.84660637,909245,FALSE,"1","72","72.1"
1514947.74405619,-2278214.88230851,909246,FALSE,"1","72","72.1"
1514839.7712778,-2278306.56870464,909247,FALSE,"1","72","72.1"
1514284.33588474,-2278777.29529245,909248,FALSE,"1","72","72.1"
1513794.89715052,-2279096.32000671,909249,FALSE,"1","72","72.1"
1513357.17780783,-2280219.83730237,909250,FALSE,"1","72","72.1"
1512498.90277717,-2281643.316186,909251,FALSE,"1","72","72.1"
1511945.79956302,-2282313.8136714,909252,FALSE,"1","72","72.1"
1510380.35243027,-2283349.63116698,909253,FALSE,"1","72","72.1"
1510297.69431494,-2283404.29974514,909254,FALSE,"1","72","72.1"
1509979.0109377,-2283526.07037118,909255,FALSE,"1","72","72.1"
1509848.01866839,-2283576.07930934,909256,FALSE,"1","72","72.1"
1509849.63509414,-2283584.39580372,909257,FALSE,"1","72","72.1"
1509526.40555668,-2283746.93218934,909258,FALSE,"1","72","72.1"
1509156.70191493,-2284164.39673663,909259,FALSE,"1","72","72.1"
1508627.04647609,-2284707.71390642,909260,FALSE,"1","72","72.1"
1508110.57744504,-2285210.82786177,909261,FALSE,"1","72","72.1"
1507675.73754263,-2285633.35687941,909262,FALSE,"1","72","72.1"
1507169.53958234,-2286041.2371962,909263,FALSE,"1","72","72.1"
1506644.94465184,-2286428.53072834,909264,FALSE,"1","72","72.1"
1506095.37889339,-2286793.05176228,909265,FALSE,"1","72","72.1"
1505596.23954259,-2287107.67210835,909266,FALSE,"1","72","72.1"
1505152.83413132,-2287361.41543032,909267,FALSE,"1","72","72.1"
1504832.79420486,-2287516.15407353,909268,FALSE,"1","72","72.1"
1504764.63321423,-2287549.08231757,909269,FALSE,"1","72","72.1"
1504498.46386683,-2287668.85568914,909270,FALSE,"1","72","72.1"
1504113.38594662,-2287862.30381762,909271,FALSE,"1","72","72.1"
1503817.54271189,-2288031.06504295,909272,FALSE,"1","72","72.1"
1503375.7008439,-2288243.70668459,909273,FALSE,"1","72","72.1"
1502847.39604723,-2288445.87941609,909274,FALSE,"1","72","72.1"
1502443.62336669,-2288589.67175136,909275,FALSE,"1","72","72.1"
1501953.85135449,-2288747.34388718,909276,FALSE,"1","72","72.1"
1501849.15063032,-2288774.2090126,909277,FALSE,"1","72","72.1"
1501437.31669236,-2288880.02691505,909278,FALSE,"1","72","72.1"
1501246.64436107,-2288925.72306565,909279,FALSE,"1","72","72.1"
1501080.89390969,-2288965.38311979,909280,FALSE,"1","72","72.1"
1500703.90904798,-2289040.72450621,909281,FALSE,"1","72","72.1"
1500478.54846009,-2289096.01408126,909282,FALSE,"1","72","72.1"
1500320.25987228,-2289575.8117278,909283,FALSE,"1","72","72.1"
1500243.87394671,-2289746.82870727,909284,FALSE,"1","72","72.1"
1500177.05115369,-2289896.53401044,909285,FALSE,"1","72","72.1"
1500153.80689554,-2289948.83119295,909286,FALSE,"1","72","72.1"
1499979.51852555,-2290323.22390903,909287,FALSE,"1","72","72.1"
1499944.72419107,-2290398.09888317,909288,FALSE,"1","72","72.1"
1499670.18980742,-2290853.88830602,909289,FALSE,"1","72","72.1"
1499431.17748357,-2291207.12882887,909290,FALSE,"1","72","72.1"
1499377.74676213,-2291285.96161991,909291,FALSE,"1","72","72.1"
1499140.69971255,-2291669.99750361,909292,FALSE,"1","72","72.1"
1498844.29275283,-2292099.49058954,909293,FALSE,"1","72","72.1"
1498484.4762421,-2292629.00984443,909294,FALSE,"1","72","72.1"
1498223.47391593,-2292970.96445015,909295,FALSE,"1","72","72.1"
1497726.53148946,-2293423.03810294,909296,FALSE,"1","72","72.1"
1496733.39441216,-2294037.12884975,909297,FALSE,"1","72","72.1"
1496134.42479643,-2294230.22995624,909298,FALSE,"1","72","72.1"
1495320.89625461,-2294495.73711858,909299,FALSE,"1","72","72.1"
1494402.15588494,-2294780.68064635,909300,FALSE,"1","72","72.1"
1493544.28868384,-2294892.86131609,909301,FALSE,"1","72","72.1"
1492836.71819242,-2294877.98242482,909302,FALSE,"1","72","72.1"
1492624.7354076,-2294833.43846572,909303,FALSE,"1","72","72.1"
1492269.91767777,-2294758.77558039,909304,FALSE,"1","72","72.1"
1491871.98009988,-2294729.82833555,909305,FALSE,"1","72","72.1"
1491557.16417098,-2294706.86731026,909306,FALSE,"1","72","72.1"
1490912.97469639,-2294638.34916712,909307,FALSE,"1","72","72.1"
1490483.21894151,-2294598.19006104,909308,FALSE,"1","72","72.1"
1490437.17270971,-2294716.52166979,909309,FALSE,"1","72","72.1"
1489959.04552657,-2295503.83254901,909310,FALSE,"1","72","72.1"
1489276.26156231,-2296639.91151973,909311,FALSE,"1","72","72.1"
1489110.88258724,-2296891.89391035,909312,FALSE,"1","72","72.1"
1488411.80759226,-2297956.63882903,909313,FALSE,"1","72","72.1"
1487559.03141882,-2299076.4722438,909314,FALSE,"1","72","72.1"
1486835.13015957,-2299739.32380412,909315,FALSE,"1","72","72.1"
1486625.05278503,-2299905.04229609,909316,FALSE,"1","72","72.1"
1486521.00908141,-2299982.1968652,909317,FALSE,"1","72","72.1"
1485991.48275087,-2300252.6506847,909318,FALSE,"1","72","72.1"
1485450.30085076,-2300484.71935756,909319,FALSE,"1","72","72.1"
1484862.43678586,-2300720.23699979,909320,FALSE,"1","72","72.1"
1484263.99864443,-2300950.27721156,909321,FALSE,"1","72","72.1"
1483961.20560794,-2301037.66500168,909322,FALSE,"1","72","72.1"
1483572.35201585,-2301149.82264725,909323,FALSE,"1","72","72.1"
1482940.10135315,-2301337.32284657,909324,FALSE,"1","72","72.1"
1482353.03762595,-2301528.96192171,909325,FALSE,"1","72","72.1"
1481804.05211947,-2301653.2513502,909326,FALSE,"1","72","72.1"
1481499.89189588,-2301701.74106764,909327,FALSE,"1","72","72.1"
1481012.75123339,-2301704.6393132,909328,FALSE,"1","72","72.1"
1480689.51280167,-2302213.81847186,909329,FALSE,"1","72","72.1"
1480409.91290466,-2302597.02252821,909330,FALSE,"1","72","72.1"
1480329.18885911,-2302707.63144373,909331,FALSE,"1","72","72.1"
1479894.61488757,-2303273.60866012,909332,FALSE,"1","72","72.1"
1479883.25932071,-2303279.91405061,909333,FALSE,"1","72","72.1"
1478220.38348948,-2304923.81316573,909334,FALSE,"1","72","72.1"
1478180.2099071,-2304963.53180604,909335,FALSE,"1","72","72.1"
1477524.62828439,-2305416.12264995,909336,FALSE,"1","72","72.1"
1477464.41860936,-2305446.87559362,909337,FALSE,"1","72","72.1"
1476840.82814732,-2305765.42758981,909338,FALSE,"1","72","72.1"
1475978.56515586,-2306109.56537013,909339,FALSE,"1","72","72.1"
1475234.55717933,-2306368.26786275,909340,FALSE,"1","72","72.1"
1474567.80378577,-2306481.62132709,909341,FALSE,"1","72","72.1"
1474562.28221559,-2306461.21391685,909342,FALSE,"1","72","72.1"
1474157.03737994,-2306543.82499902,909343,FALSE,"1","72","72.1"
1473742.79781118,-2306606.68762964,909344,FALSE,"1","72","72.1"
1473237.22668813,-2306620.4561764,909345,FALSE,"1","72","72.1"
1472670.23180197,-2306569.19344848,909346,FALSE,"1","72","72.1"
1472137.71204779,-2306570.45101743,909347,FALSE,"1","72","72.1"
1471828.69262103,-2306494.61931064,909348,FALSE,"1","72","72.1"
1472002.48706072,-2306425.35337469,909349,FALSE,"1","72","72.1"
1470832.25053439,-2306261.39825769,909350,FALSE,"1","72","72.1"
1470668.48056602,-2306310.39940297,909351,FALSE,"1","72","72.1"
1470408.6564259,-2306363.63629564,909352,FALSE,"1","72","72.1"
1470161.42719679,-2306414.32048164,909353,FALSE,"1","72","72.1"
1469807.73737415,-2306475.37663791,909354,FALSE,"1","72","72.1"
1469623.06475623,-2306507.25076659,909355,FALSE,"1","72","72.1"
1469085.84890275,-2306596.62940095,909356,FALSE,"1","72","72.1"
1468698.21359017,-2306671.74546602,909357,FALSE,"1","72","72.1"
1468608.04055205,-2306784.17342192,909358,FALSE,"1","72","72.1"
1468441.3724496,-2306966.2574712,909359,FALSE,"1","72","72.1"
1468060.69933192,-2307254.8322798,909360,FALSE,"1","72","72.1"
1467471.31168964,-2307615.84930807,909361,FALSE,"1","72","72.1"
1466823.16991048,-2307940.9739043,909362,FALSE,"1","72","72.1"
1466814.05952295,-2307944.95180024,909363,FALSE,"1","72","72.1"
1465972.21583571,-2308303.03487501,909364,FALSE,"1","72","72.1"
1465493.01321786,-2308481.49766294,909365,FALSE,"1","72","72.1"
1465191.53780205,-2308606.44463914,909366,FALSE,"1","72","72.1"
1465094.83584828,-2308603.34622791,909367,FALSE,"1","72","72.1"
1465001.24107557,-2308687.64418107,909368,FALSE,"1","72","72.1"
1464657.65869372,-2308903.93473706,909369,FALSE,"1","72","72.1"
1464466.66242532,-2309007.17206731,909370,FALSE,"1","72","72.1"
1464197.77747662,-2309152.42837475,909371,FALSE,"1","72","72.1"
1463693.33362967,-2309375.28694716,909372,FALSE,"1","72","72.1"
1463324.8464233,-2309491.1223113,909373,FALSE,"1","72","72.1"
1463321.16473894,-2309496.35154697,909374,FALSE,"1","72","72.1"
1463223.24048346,-2309634.00851146,909375,FALSE,"1","72","72.1"
1463014.21842737,-2309836.28329678,909376,FALSE,"1","72","72.1"
1462783.13509602,-2310048.72557496,909377,FALSE,"1","72","72.1"
1462630.36054197,-2310154.61066854,909378,FALSE,"1","72","72.1"
1463005.74549966,-2310006.41838792,909379,FALSE,"1","72","72.1"
1462542.81971193,-2310417.46467984,909380,FALSE,"1","72","72.1"
1462325.72825482,-2310587.84209472,909381,FALSE,"1","72","72.1"
1462092.92029444,-2310729.50070664,909382,FALSE,"1","72","72.1"
1461891.26932741,-2310785.93181731,909383,FALSE,"1","72","72.1"
1461698.30135526,-2310899.63311757,909384,FALSE,"1","72","72.1"
1461276.05045436,-2311134.02269221,909385,FALSE,"1","72","72.1"
1460567.53876052,-2311421.8876836,909386,FALSE,"1","72","72.1"
1459954.91189803,-2311627.26865542,909387,FALSE,"1","72","72.1"
1459349.25622286,-2311743.46665804,909388,FALSE,"1","72","72.1"
1458725.04790275,-2311835.5648717,909389,FALSE,"1","72","72.1"
1458407.61090335,-2311830.76470551,909390,FALSE,"1","72","72.1"
1458135.86567997,-2311842.3059752,909391,FALSE,"1","72","72.1"
1457959.46779418,-2311832.61380547,909392,FALSE,"1","72","72.1"
1457672.93874803,-2311823.76743679,909393,FALSE,"1","72","72.1"
1457426.29784282,-2311790.38843864,909394,FALSE,"1","72","72.1"
1457296.89468053,-2311766.51978173,909395,FALSE,"1","72","72.1"
1457227.72737205,-2311753.8260695,909396,FALSE,"1","72","72.1"
1456985.81871922,-2311683.73428784,909397,FALSE,"1","72","72.1"
1456789.88211808,-2311577.17360467,909398,FALSE,"1","72","72.1"
1456569.98270782,-2311508.23031135,909399,FALSE,"1","72","72.1"
1456564.89502583,-2311506.60010381,909400,FALSE,"1","72","72.1"
1456557.43926713,-2311515.90945118,909401,FALSE,"1","72","72.1"
1455483.97983386,-2312989.6461027,909402,FALSE,"1","72","72.1"
1455145.65145431,-2313299.69560014,909403,FALSE,"1","72","72.1"
1454650.12963312,-2313599.05695829,909404,FALSE,"1","72","72.1"
1454045.64362122,-2313962.11912187,909405,FALSE,"1","72","72.1"
1453644.5696124,-2314144.35760743,909406,FALSE,"1","72","72.1"
1453190.53698895,-2314293.07879744,909407,FALSE,"1","72","72.1"
1453140.80593208,-2314627.77139781,909408,FALSE,"1","72","72.1"
1452981.97798401,-2315026.11227692,909409,FALSE,"1","72","72.1"
1452877.48668537,-2315231.67546739,909410,FALSE,"1","72","72.1"
1452694.99502934,-2315590.66664872,909411,FALSE,"1","72","72.1"
1452416.30693457,-2316128.14694344,909412,FALSE,"1","72","72.1"
1452175.79715404,-2316532.17257057,909413,FALSE,"1","72","72.1"
1451928.34030017,-2316868.36118184,909414,FALSE,"1","72","72.1"
1451640.58317994,-2317173.66736304,909415,FALSE,"1","72","72.1"
1451365.07852797,-2317466.11132865,909416,FALSE,"1","72","72.1"
1451104.56100492,-2317740.61536689,909417,FALSE,"1","72","72.1"
1450618.67760494,-2318075.05622251,909418,FALSE,"1","72","72.1"
1450538.41711151,-2318256.96418882,909419,FALSE,"1","72","72.1"
1450416.14130927,-2318487.34933467,909420,FALSE,"1","72","72.1"
1450203.57648331,-2318781.05782717,909421,FALSE,"1","72","72.1"
1449809.81758603,-2319232.56859393,909422,FALSE,"1","72","72.1"
1449007.46287838,-2319976.13747469,909423,FALSE,"1","72","72.1"
1448146.69973967,-2320621.07102492,909424,FALSE,"1","72","72.1"
1447354.59664094,-2321088.26996378,909425,FALSE,"1","72","72.1"
1446625.20513246,-2321356.61558665,909426,FALSE,"1","72","72.1"
1445540.38223823,-2321599.5177464,909427,FALSE,"1","72","72.1"
1444629.75418873,-2321606.15788931,909428,FALSE,"1","72","72.1"
1443779.33390222,-2321489.86875605,909429,FALSE,"1","72","72.1"
1442915.87010321,-2321197.39448573,909430,FALSE,"1","72","72.1"
1442204.10669513,-2320729.26333971,909431,FALSE,"1","72","72.1"
1441696.24632894,-2320320.24040887,909432,FALSE,"1","72","72.1"
1441594.90863408,-2320219.95675737,909433,FALSE,"1","72","72.1"
1441261.01076497,-2319889.74087064,909434,FALSE,"1","72","72.1"
1440862.46038416,-2319322.16402989,909435,FALSE,"1","72","72.1"
1440612.32901912,-2318867.45829486,909436,FALSE,"1","72","72.1"
1440529.51480494,-2318692.50900757,909437,FALSE,"1","72","72.1"
1440471.89561237,-2318521.96837876,909438,FALSE,"1","72","72.1"
1440432.73645277,-2318331.10177309,909439,FALSE,"1","72","72.1"
1440400.3434015,-2317957.2403166,909440,FALSE,"1","72","72.1"
1440384.66223462,-2317903.23466034,909441,FALSE,"1","72","72.1"
1440308.99061917,-2317556.65713264,909442,FALSE,"1","72","72.1"
1440245.40609335,-2317192.85010292,909443,FALSE,"1","72","72.1"
1440228.06692744,-2316901.32625379,909444,FALSE,"1","72","72.1"
1440231.50951892,-2316433.37821885,909445,FALSE,"1","72","72.1"
1440255.75048796,-2316149.66905172,909446,FALSE,"1","72","72.1"
1440277.44950822,-2315870.95561785,909447,FALSE,"1","72","72.1"
1440324.72908814,-2315552.29001457,909448,FALSE,"1","72","72.1"
1440398.33519555,-2315219.59232189,909449,FALSE,"1","72","72.1"
1440461.85476108,-2314958.70255126,909450,FALSE,"1","72","72.1"
1440550.11437614,-2314628.3254831,909451,FALSE,"1","72","72.1"
1440647.61423709,-2314348.96709791,909452,FALSE,"1","72","72.1"
1440711.19045449,-2314112.73018791,909453,FALSE,"1","72","72.1"
1440522.54235298,-2314281.55163498,909454,FALSE,"1","72","72.1"
1440308.60967196,-2314485.26271294,909455,FALSE,"1","72","72.1"
1440125.69096528,-2314658.15785388,909456,FALSE,"1","72","72.1"
1439949.37749177,-2314802.45924476,909457,FALSE,"1","72","72.1"
1439636.82482964,-2315006.11633652,909458,FALSE,"1","72","72.1"
1439373.60816781,-2315147.39654362,909459,FALSE,"1","72","72.1"
1439075.72357514,-2315277.4096549,909460,FALSE,"1","72","72.1"
1438644.74376741,-2315394.27308946,909461,FALSE,"1","72","72.1"
1438311.08890135,-2315478.75279523,909462,FALSE,"1","72","72.1"
1438000.49119643,-2315525.80214182,909463,FALSE,"1","72","72.1"
1437707.08566963,-2315543.26095086,909464,FALSE,"1","72","72.1"
1437233.22333927,-2315507.43887642,909465,FALSE,"1","72","72.1"
1437057.70056589,-2315494.89142467,909466,FALSE,"1","72","72.1"
1436872.94599403,-2315481.74592473,909467,FALSE,"1","72","72.1"
1436625.77882749,-2315468.14426872,909468,FALSE,"1","72","72.1"
1436525.17606304,-2315565.95773733,909469,FALSE,"1","72","72.1"
1436326.19532665,-2315707.10109673,909470,FALSE,"1","72","72.1"
1436169.6560453,-2315810.48222587,909471,FALSE,"1","72","72.1"
1435911.69727163,-2315951.21268091,909472,FALSE,"1","72","72.1"
1435756.36207188,-2316020.25691089,909473,FALSE,"1","72","72.1"
1435641.07236212,-2316064.47883178,909474,FALSE,"1","72","72.1"
1435448.10464389,-2316169.0213213,909475,FALSE,"1","72","72.1"
1435192.31391478,-2316301.34735365,909476,FALSE,"1","72","72.1"
1434718.03427964,-2316555.75300446,909477,FALSE,"1","72","72.1"
1434476.61294357,-2316683.92275407,909478,FALSE,"1","72","72.1"
1434372.69820803,-2316733.87175973,909479,FALSE,"1","72","72.1"
1434150.89343099,-2316840.67524043,909480,FALSE,"1","72","72.1"
1433978.16842773,-2316902.65383645,909481,FALSE,"1","72","72.1"
1433874.5065432,-2317073.90325,909482,FALSE,"1","72","72.1"
1433694.00267571,-2317370.69841018,909483,FALSE,"1","72","72.1"
1433388.67259263,-2317770.88714285,909484,FALSE,"1","72","72.1"
1433081.94763213,-2318128.70459652,909485,FALSE,"1","72","72.1"
1432811.2096461,-2318417.58230894,909486,FALSE,"1","72","72.1"
1432510.24923666,-2318727.14200331,909487,FALSE,"1","72","72.1"
1432209.67579981,-2319006.32877564,909488,FALSE,"1","72","72.1"
1431851.70265567,-2319332.85782188,909489,FALSE,"1","72","72.1"
1431627.64381897,-2319517.53226574,909490,FALSE,"1","72","72.1"
1431351.80752441,-2319706.80323704,909491,FALSE,"1","72","72.1"
1431177.99009165,-2319785.10995487,909492,FALSE,"1","72","72.1"
1430867.20812127,-2319913.59717445,909493,FALSE,"1","72","72.1"
1430605.59395807,-2320010.76506779,909494,FALSE,"1","72","72.1"
1430356.60251696,-2320073.58905447,909495,FALSE,"1","72","72.1"
1430118.67595192,-2320078.83133353,909496,FALSE,"1","72","72.1"
1429795.23236075,-2320085.35251089,909497,FALSE,"1","72","72.1"
1429437.30075875,-2320111.87249643,909498,FALSE,"1","72","72.1"
1429118.7293389,-2320103.88491896,909499,FALSE,"1","72","72.1"
1428907.41465254,-2320081.13808642,909500,FALSE,"1","72","72.1"
1428670.69494247,-2320067.65933136,909501,FALSE,"1","72","72.1"
1428471.40600439,-2320028.19673105,909502,FALSE,"1","72","72.1"
1428283.91791837,-2320015.93650408,909503,FALSE,"1","72","72.1"
1428040.09983259,-2319984.55249728,909504,FALSE,"1","72","72.1"
1427850.61644309,-2319961.90642823,909505,FALSE,"1","72","72.1"
1427656.56901102,-2319918.84362322,909506,FALSE,"1","72","72.1"
1427474.46093275,-2319897.28987989,909507,FALSE,"1","72","72.1"
1427200.30362175,-2319855.00526038,909508,FALSE,"1","72","72.1"
1427025.59741782,-2319790.71043699,909509,FALSE,"1","72","72.1"
1426902.91627744,-2319746.40661381,909510,FALSE,"1","72","72.1"
1426772.02212367,-2319631.54453503,909511,FALSE,"1","72","72.1"
1426591.9892248,-2319722.18235701,909512,FALSE,"1","72","72.1"
1426461.76388186,-2319787.62771189,909513,FALSE,"1","72","72.1"
1426220.91282176,-2319916.10565928,909514,FALSE,"1","72","72.1"
1425944.76912757,-2320048.3205451,909515,FALSE,"1","72","72.1"
1425754.07093271,-2320119.74250997,909516,FALSE,"1","72","72.1"
1425504.97675825,-2320161.79376402,909517,FALSE,"1","72","72.1"
1425320.24765318,-2320185.51703494,909518,FALSE,"1","72","72.1"
1425235.18281784,-2320196.33431046,909519,FALSE,"1","72","72.1"
1424965.64045373,-2320212.32437334,909520,FALSE,"1","72","72.1"
1424726.50261214,-2320222.01910736,909521,FALSE,"1","72","72.1"
1424407.83010094,-2320222.60991105,909522,FALSE,"1","72","72.1"
1424395.99443132,-2320222.20074407,909523,FALSE,"1","72","72.1"
1424210.02717432,-2320215.13964606,909524,FALSE,"1","72","72.1"
1424141.94173227,-2320200.02228691,909525,FALSE,"1","72","72.1"
1424018.42765514,-2320323.40801186,909526,FALSE,"1","72","72.1"
1423942.60057117,-2320365.94863794,909527,FALSE,"1","72","72.1"
1423871.59495805,-2320426.56740881,909528,FALSE,"1","72","72.1"
1423717.97034122,-2320495.97118712,909529,FALSE,"1","72","72.1"
1423554.40759541,-2320592.4092881,909530,FALSE,"1","72","72.1"
1423400.78954778,-2320650.64397525,909531,FALSE,"1","72","72.1"
1423175.2192212,-2320722.40124936,909532,FALSE,"1","72","72.1"
1423065.90496271,-2320759.26597132,909533,FALSE,"1","72","72.1"
1422809.07134173,-2320796.75330985,909534,FALSE,"1","72","72.1"
1422543.33628453,-2320844.41744577,909535,FALSE,"1","72","72.1"
1422281.37777383,-2320896.70104882,909536,FALSE,"1","72","72.1"
1422013.003447,-2320940.68461348,909537,FALSE,"1","72","72.1"
1421772.38009021,-2321001.62253328,909538,FALSE,"1","72","72.1"
1421680.64329973,-2321132.24041325,909539,FALSE,"1","72","72.1"
1421519.96689648,-2321281.88127785,909540,FALSE,"1","72","72.1"
1421298.76983538,-2321474.25564193,909541,FALSE,"1","72","72.1"
1421028.0950958,-2321626.69028269,909542,FALSE,"1","72","72.1"
1420745.77821235,-2321760.7710793,909543,FALSE,"1","72","72.1"
1420634.99181572,-2321809.5685056,909544,FALSE,"1","72","72.1"
1420486.06395259,-2321875.0648167,909545,FALSE,"1","72","72.1"
1420135.18666748,-2322002.61862571,909546,FALSE,"1","72","72.1"
1419791.64410357,-2322110.37184603,909547,FALSE,"1","72","72.1"
1419412.45646944,-2322183.56241075,909548,FALSE,"1","72","72.1"
1419193.54068033,-2322225.11291113,909549,FALSE,"1","72","72.1"
1419107.8056078,-2322308.58940865,909550,FALSE,"1","72","72.1"
1418940.47164524,-2322505.62683326,909551,FALSE,"1","72","72.1"
1418700.18542773,-2322840.42735876,909552,FALSE,"1","72","72.1"
1418438.04505772,-2323160.51275015,909553,FALSE,"1","72","72.1"
1418229.43539657,-2323420.76385824,909554,FALSE,"1","72","72.1"
1417999.80133386,-2323673.96457854,909555,FALSE,"1","72","72.1"
1417775.70545391,-2323905.610911,909556,FALSE,"1","72","72.1"
1417547.48609922,-2324115.13950251,909557,FALSE,"1","72","72.1"
1417306.83617411,-2324338.67881857,909558,FALSE,"1","72","72.1"
1417066.29339897,-2324511.08643075,909559,FALSE,"1","72","72.1"
1416751.31689141,-2324629.9312489,909560,FALSE,"1","72","72.1"
1416559.48342051,-2324715.98909626,909561,FALSE,"1","72","72.1"
1416443.32462402,-2324867.79219683,909562,FALSE,"1","72","72.1"
1416283.38570513,-2325041.75905257,909563,FALSE,"1","72","72.1"
1415912.71399317,-2325342.25611638,909564,FALSE,"1","72","72.1"
1415558.30858671,-2325557.9397015,909565,FALSE,"1","72","72.1"
1415235.82134103,-2325726.84499157,909566,FALSE,"1","72","72.1"
1414877.46856737,-2325894.01843447,909567,FALSE,"1","72","72.1"
1414565.76785129,-2326037.77807693,909568,FALSE,"1","72","72.1"
1414488.85156616,-2326069.71144559,909569,FALSE,"1","72","72.1"
1414352.64374854,-2326126.21968567,909570,FALSE,"1","72","72.1"
1414155.60639056,-2326204.84788771,909571,FALSE,"1","72","72.1"
1414051.8419327,-2326315.5923191,909572,FALSE,"1","72","72.1"
1413833.24477663,-2326552.90248148,909573,FALSE,"1","72","72.1"
1413461.95498893,-2326856.76845392,909574,FALSE,"1","72","72.1"
1413205.08207874,-2327054.17696579,909575,FALSE,"1","72","72.1"
1412898.55667392,-2327275.42333066,909576,FALSE,"1","72","72.1"
1412495.77702447,-2327543.74277523,909577,FALSE,"1","72","72.1"
1412116.75106777,-2327777.4069856,909578,FALSE,"1","72","72.1"
1411757.86812093,-2327975.71824372,909579,FALSE,"1","72","72.1"
1411488.73259734,-2328131.23610087,909580,FALSE,"1","72","72.1"
1411225.89885493,-2328232.98913043,909581,FALSE,"1","72","72.1"
1411100.9451606,-2328312.38619326,909582,FALSE,"1","72","72.1"
1410898.0244949,-2328402.71928355,909583,FALSE,"1","72","72.1"
1410544.00919074,-2328513.14690177,909584,FALSE,"1","72","72.1"
1410177.69116588,-2328595.14142113,909585,FALSE,"1","72","72.1"
1409827.23760592,-2328643.11492784,909586,FALSE,"1","72","72.1"
1409563.14229574,-2328613.37947461,909587,FALSE,"1","72","72.1"
1409499.8124918,-2328887.1344971,909588,FALSE,"1","72","72.1"
1409372.5931997,-2329253.28577039,909589,FALSE,"1","72","72.1"
1409107.08380879,-2329788.83438546,909590,FALSE,"1","72","72.1"
1408675.49592137,-2330343.21236751,909591,FALSE,"1","72","72.1"
1408400.66082165,-2330659.82643942,909592,FALSE,"1","72","72.1"
1408244.59623164,-2330839.41825837,909593,FALSE,"1","72","72.1"
1407795.25230563,-2331264.49524426,909594,FALSE,"1","72","72.1"
1407346.52197196,-2331616.4197084,909595,FALSE,"1","72","72.1"
1407033.96090448,-2331773.74611712,909596,FALSE,"1","72","72.1"
1406694.08804675,-2331884.78586794,909597,FALSE,"1","72","72.1"
1406346.10895088,-2331951.44514889,909598,FALSE,"1","72","72.1"
1405989.47552367,-2332017.58822563,909599,FALSE,"1","72","72.1"
1405685.9703106,-2332061.26856776,909600,FALSE,"1","72","72.1"
1405404.482298,-2332079.46956054,909601,FALSE,"1","72","72.1"
1405203.1130918,-2332100.26130362,909602,FALSE,"1","72","72.1"
1405151.66271755,-2332155.37537335,909603,FALSE,"1","72","72.1"
1404866.55497549,-2332351.67018845,909604,FALSE,"1","72","72.1"
1404473.88275506,-2332558.72656468,909605,FALSE,"1","72","72.1"
1404084.14029365,-2332753.47322309,909606,FALSE,"1","72","72.1"
1403684.8729583,-2332921.86860158,909607,FALSE,"1","72","72.1"
1403264.98102756,-2333044.53262913,909608,FALSE,"1","72","72.1"
1402829.75287286,-2333166.10083746,909609,FALSE,"1","72","72.1"
1402391.07988775,-2333239.94668053,909610,FALSE,"1","72","72.1"
1402235.41994551,-2333216.49050785,909611,FALSE,"1","72","72.1"
1401876.97330083,-2333394.95788468,909612,FALSE,"1","72","72.1"
1401522.11859754,-2333519.688585,909613,FALSE,"1","72","72.1"
1401324.59265685,-2333578.42431275,909614,FALSE,"1","72","72.1"
1400894.51473748,-2333620.34303737,909615,FALSE,"1","72","72.1"
1400386.04069787,-2333659.86784387,909616,FALSE,"1","72","72.1"
1399960.14713259,-2333708.79646008,909617,FALSE,"1","72","72.1"
1399471.53106825,-2333753.10414153,909618,FALSE,"1","72","72.1"
1399178.49948796,-2333786.14439883,909619,FALSE,"1","72","72.1"
1399037.74277142,-2333813.15035793,909620,FALSE,"1","72","72.1"
1398902.68255554,-2333913.59826728,909621,FALSE,"1","72","72.1"
1398809.15572003,-2333966.1202011,909622,FALSE,"1","72","72.1"
1398667.6061978,-2333975.48088462,909623,FALSE,"1","72","72.1"
1398447.51572314,-2333976.87560866,909624,FALSE,"1","72","72.1"
1398207.17608414,-2333961.49857702,909625,FALSE,"1","72","72.1"
1397928.13039325,-2334180.1352853,909626,FALSE,"1","72","72.1"
1397579.60665456,-2334365.68516023,909627,FALSE,"1","72","72.1"
1397144.3982948,-2334559.77374627,909628,FALSE,"1","72","72.1"
1396854.50849856,-2334655.78424434,909629,FALSE,"1","72","72.1"
1396474.07700572,-2334736.49807397,909630,FALSE,"1","72","72.1"
1395803.42819852,-2334839.52401612,909631,FALSE,"1","72","72.1"
1395644.3372216,-2334797.94071762,909632,FALSE,"1","72","72.1"
1395167.93202257,-2335033.35245498,909633,FALSE,"1","72","72.1"
1394768.43292611,-2335173.80789568,909634,FALSE,"1","72","72.1"
1394358.30544159,-2335295.37941327,909635,FALSE,"1","72","72.1"
1394011.97203558,-2335352.31505906,909636,FALSE,"1","72","72.1"
1393597.58855909,-2335399.50844577,909637,FALSE,"1","72","72.1"
1393227.20817857,-2335407.22226811,909638,FALSE,"1","72","72.1"
1393038.45016925,-2335368.42384449,909639,FALSE,"1","72","72.1"
1392840.29737414,-2335331.74033569,909640,FALSE,"1","72","72.1"
1392813.11183029,-2335329.7332542,909641,FALSE,"1","72","72.1"
1392260.76508354,-2335551.95678943,909642,FALSE,"1","72","72.1"
1391787.42920379,-2335702.24068334,909643,FALSE,"1","72","72.1"
1391220.53895404,-2335881.94746849,909644,FALSE,"1","72","72.1"
1390772.05361233,-2336011.98639839,909645,FALSE,"1","72","72.1"
1390285.28946884,-2336120.59766315,909646,FALSE,"1","72","72.1"
1389889.01835106,-2336124.83629478,909647,FALSE,"1","72","72.1"
1389855.06321044,-2336128.60821853,909648,FALSE,"1","72","72.1"
1389761.05048513,-2336199.49224112,909649,FALSE,"1","72","72.1"
1389446.66272736,-2336373.7779993,909650,FALSE,"1","72","72.1"
1389163.53341162,-2336504.28851448,909651,FALSE,"1","72","72.1"
1389007.13899889,-2336569.30218234,909652,FALSE,"1","72","72.1"
1388807.85673265,-2336622.66247261,909653,FALSE,"1","72","72.1"
1388335.45501381,-2336715.27696863,909654,FALSE,"1","72","72.1"
1388123.89158663,-2336740.07904514,909655,FALSE,"1","72","72.1"
1388027.14438584,-2336748.5707883,909656,FALSE,"1","72","72.1"
1387834.65609062,-2336856.25479496,909657,FALSE,"1","72","72.1"
1387641.02876936,-2336931.07899535,909658,FALSE,"1","72","72.1"
1387524.60369951,-2336955.97324569,909659,FALSE,"1","72","72.1"
1387290.30886085,-2337041.83767351,909660,FALSE,"1","72","72.1"
1386967.42917502,-2337154.58625141,909661,FALSE,"1","72","72.1"
1386705.62917818,-2337225.04984926,909662,FALSE,"1","72","72.1"
1386372.44691448,-2337331.44314618,909663,FALSE,"1","72","72.1"
1386110.49471313,-2337371.93581781,909664,FALSE,"1","72","72.1"
1385998.36698189,-2337407.68896818,909665,FALSE,"1","72","72.1"
1385457.13449926,-2337571.54003475,909666,FALSE,"1","72","72.1"
1384817.9154894,-2337687.08434491,909667,FALSE,"1","72","72.1"
1384484.57069205,-2337713.04924587,909668,FALSE,"1","72","72.1"
1384198.41619489,-2337718.29773258,909669,FALSE,"1","72","72.1"
1384068.2483829,-2337707.7818868,909670,FALSE,"1","72","72.1"
1383869.75716137,-2338149.04618173,909671,FALSE,"1","72","72.1"
1383648.74596269,-2338531.71687777,909672,FALSE,"1","72","72.1"
1383029.35704733,-2339381.47679996,909673,FALSE,"1","72","72.1"
1382784.39422569,-2339672.89917547,909674,FALSE,"1","72","72.1"
1382461.16706625,-2340024.65785971,909675,FALSE,"1","72","72.1"
1382093.94754501,-2340347.55891363,909676,FALSE,"1","72","72.1"
1381772.28799833,-2340580.88395378,909677,FALSE,"1","72","72.1"
1381502.92466222,-2340752.74756453,909678,FALSE,"1","72","72.1"
1381204.45932972,-2340929.62343481,909679,FALSE,"1","72","72.1"
1380886.39682452,-2341108.54213844,909680,FALSE,"1","72","72.1"
1380662.90660179,-2341224.80970283,909681,FALSE,"1","72","72.1"
1380410.72884074,-2341344.29037911,909682,FALSE,"1","72","72.1"
1380260.57131606,-2341417.24170676,909683,FALSE,"1","72","72.1"
1379953.75039378,-2341538.81038784,909684,FALSE,"1","72","72.1"
1379402.89341074,-2341715.73616881,909685,FALSE,"1","72","72.1"
1379351.74185139,-2341725.62802007,909686,FALSE,"1","72","72.1"
1379200.33454652,-2341755.09774787,909687,FALSE,"1","72","72.1"
1378676.53548442,-2341860.72000277,909688,FALSE,"1","72","72.1"
1378181.59487726,-2341919.55986388,909689,FALSE,"1","72","72.1"
1377921.91579509,-2341927.95858771,909690,FALSE,"1","72","72.1"
1377684.22537489,-2341948.49325587,909691,FALSE,"1","72","72.1"
1377405.56072265,-2341931.7428489,909692,FALSE,"1","72","72.1"
1377195.53772859,-2341924.95973245,909693,FALSE,"1","72","72.1"
1376955.3758391,-2341891.82928741,909694,FALSE,"1","72","72.1"
1376786.21984667,-2341863.77596542,909695,FALSE,"1","72","72.1"
1376642.98492572,-2341824.08756491,909696,FALSE,"1","72","72.1"
1376451.87349963,-2341776.84160414,909697,FALSE,"1","72","72.1"
1376104.18042709,-2341680.74783889,909698,FALSE,"1","72","72.1"
1375881.03058973,-2341626.86039223,909699,FALSE,"1","72","72.1"
1375709.06305502,-2341587.22085161,909700,FALSE,"1","72","72.1"
1375531.36331774,-2341537.95435823,909701,FALSE,"1","72","72.1"
1375382.55134508,-2341491.72974172,909702,FALSE,"1","72","72.1"
1375239.77084252,-2341442.35897908,909703,FALSE,"1","72","72.1"
1375120.68737659,-2341391.00223721,909704,FALSE,"1","72","72.1"
1374992.40779951,-2341334.51791953,909705,FALSE,"1","72","72.1"
1374809.04553016,-2341228.25665137,909706,FALSE,"1","72","72.1"
1374736.4768676,-2341182.64052834,909707,FALSE,"1","72","72.1"
1374646.70826903,-2341121.62485042,909708,FALSE,"1","72","72.1"
1374569.32042188,-2341058.06457577,909709,FALSE,"1","72","72.1"
1374437.91297439,-2340933.18704574,909710,FALSE,"1","72","72.1"
1374331.37282764,-2340826.37764196,909711,FALSE,"1","72","72.1"
1374226.13088759,-2340733.36086834,909712,FALSE,"1","72","72.1"
1374100.1994062,-2340635.66071541,909713,FALSE,"1","72","72.1"
1373996.83490858,-2340529.14858913,909714,FALSE,"1","72","72.1"
1373930.2739572,-2340471.02112329,909715,FALSE,"1","72","72.1"
1373902.14088107,-2340464.51933096,909716,FALSE,"1","72","72.1"
1373896.33266155,-2340464.29649949,909717,FALSE,"1","72","72.1"
1373741.83204308,-2340525.68832749,909718,FALSE,"1","72","72.1"
1373463.75764808,-2340518.57230081,909719,FALSE,"1","72","72.1"
1373199.51986757,-2340483.27374283,909720,FALSE,"1","72","72.1"
1372965.68890394,-2340413.41280872,909721,FALSE,"1","72","72.1"
1372964.60002313,-2340409.26307922,909722,FALSE,"1","72","72.1"
1372963.42738111,-2340404.7941397,909723,FALSE,"1","72","72.1"
1372655.50670721,-2340190.77350264,909724,FALSE,"1","72","72.1"
1372544.2871996,-2340106.95869563,909725,FALSE,"1","72","72.1"
1372094.1871301,-2339828.8817908,909726,FALSE,"1","72","72.1"
1371746.99965717,-2339570.9153549,909727,FALSE,"1","72","72.1"
1371450.58181436,-2339297.84591296,909728,FALSE,"1","72","72.1"
1371186.85078611,-2338969.424985,909729,FALSE,"1","72","72.1"
1370873.46722525,-2338553.73742008,909730,FALSE,"1","72","72.1"
1370657.42369389,-2338152.58713586,909731,FALSE,"1","72","72.1"
1370479.5100884,-2337839.03146688,909732,FALSE,"1","72","72.1"
1370257.94307065,-2337263.55928938,909733,FALSE,"1","72","72.1"
1370124.84123891,-2336697.9563658,909734,FALSE,"1","72","72.1"
1370034.46726618,-2336100.66339944,909735,FALSE,"1","72","72.1"
1369900.10550893,-2335637.3436689,909736,FALSE,"1","72","72.1"
1369784.33837208,-2335261.29455828,909737,FALSE,"1","72","72.1"
1369672.39956675,-2334946.56909493,909738,FALSE,"1","72","72.1"
1369506.58904824,-2334573.61247787,909739,FALSE,"1","72","72.1"
1369351.1180522,-2334149.56961342,909740,FALSE,"1","72","72.1"
1369243.16640805,-2333758.78037113,909741,FALSE,"1","72","72.1"
1369133.18378816,-2332949.29347758,909742,FALSE,"1","72","72.1"
1369099.65924217,-2332467.96328327,909743,FALSE,"1","72","72.1"
1369092.03965549,-2332255.17759452,909744,FALSE,"1","72","72.1"
1369086.83858431,-2332067.58931595,909745,FALSE,"1","72","72.1"
1369084.32756423,-2331163.70241674,909746,FALSE,"1","72","72.1"
1369163.17796453,-2330267.34915843,909747,FALSE,"1","72","72.1"
1368906.02008917,-2329616.30135251,909748,FALSE,"1","72","72.1"
1368666.57413368,-2329009.98304554,909749,FALSE,"1","72","72.1"
1368305.99677415,-2327600.91324382,909750,FALSE,"1","72","72.1"
1368209.93099049,-2326403.14982757,909751,FALSE,"1","72","72.1"
1368372.69753661,-2325351.84034408,909752,FALSE,"1","72","72.1"
1367886.45091099,-2324690.66192673,909753,FALSE,"1","72","72.1"
1367768.44569894,-2324529.85442814,909754,FALSE,"1","72","72.1"
1367355.85798306,-2323687.78662638,909755,FALSE,"1","72","72.1"
1367130.52064099,-2322650.47337649,909756,FALSE,"1","72","72.1"
1367101.83738642,-2321378.86414086,909757,FALSE,"1","72","72.1"
1367255.51918867,-2320275.90947086,909758,FALSE,"1","72","72.1"
1367475.93883781,-2319540.92482501,909759,FALSE,"1","72","72.1"
1367478.29517585,-2319549.86326821,909760,FALSE,"1","72","72.1"
1367721.9424026,-2319086.64861764,909761,FALSE,"1","72","72.1"
1368022.86131754,-2318741.88427208,909762,FALSE,"1","72","72.1"
1368412.76117562,-2318458.20488455,909763,FALSE,"1","72","72.1"
1368420.42749751,-2318439.5382652,909764,FALSE,"1","72","72.1"
1368502.99454489,-2318287.40510129,909765,FALSE,"1","72","72.1"
1368571.38462812,-2318125.49764266,909766,FALSE,"1","72","72.1"
1368604.15760906,-2318007.34116286,909767,FALSE,"1","72","72.1"
1368625.2918167,-2317931.30727964,909768,FALSE,"1","72","72.1"
1368612.4027231,-2317800.40053082,909769,FALSE,"1","72","72.1"
1368571.14251163,-2317615.95712877,909770,FALSE,"1","72","72.1"
1368531.44786481,-2317480.14952352,909771,FALSE,"1","72","72.1"
1368412.52264289,-2317152.03468505,909772,FALSE,"1","72","72.1"
1368375.07037787,-2317093.79454023,909773,FALSE,"1","72","72.1"
1368107.8415047,-2316800.84959261,909774,FALSE,"1","72","72.1"
1367924.32804689,-2316484.51510656,909775,FALSE,"1","72","72.1"
1367752.92155466,-2316106.52734927,909776,FALSE,"1","72","72.1"
1367650.25625742,-2315760.16971054,909777,FALSE,"1","72","72.1"
1367607.22930353,-2315420.58119976,909778,FALSE,"1","72","72.1"
1367588.51835836,-2315145.12117251,909779,FALSE,"1","72","72.1"
1367613.78422259,-2314835.92494623,909780,FALSE,"1","72","72.1"
1367640.72363878,-2314648.95536108,909781,FALSE,"1","72","72.1"
1367641.43296624,-2314550.42727446,909782,FALSE,"1","72","72.1"
1367548.11382238,-2314038.87790834,909783,FALSE,"1","72","72.1"
1367477.27418689,-2313952.47867837,909784,FALSE,"1","72","72.1"
1367379.09210975,-2313782.59391063,909785,FALSE,"1","72","72.1"
1367270.32479217,-2313494.85079196,909786,FALSE,"1","72","72.1"
1367183.9481496,-2313237.98017852,909787,FALSE,"1","72","72.1"
1367102.87023347,-2312948.92915094,909788,FALSE,"1","72","72.1"
1367087.16908756,-2312676.27426459,909789,FALSE,"1","72","72.1"
1367050.18745175,-2312397.0544666,909790,FALSE,"1","72","72.1"
1367053.04698182,-2312277.0531569,909791,FALSE,"1","72","72.1"
1367012.40145696,-2312039.58036344,909792,FALSE,"1","72","72.1"
1367012.0846841,-2311737.05946287,909793,FALSE,"1","72","72.1"
1367047.25744648,-2311409.69866834,909794,FALSE,"1","72","72.1"
1367078.34930319,-2310965.82476115,909795,FALSE,"1","72","72.1"
1367131.00427847,-2310593.59342818,909796,FALSE,"1","72","72.1"
1367189.6780975,-2310260.89573177,909797,FALSE,"1","72","72.1"
1367462.33715857,-2309467.85527894,909798,FALSE,"1","72","72.1"
1367646.67562964,-2308815.70988012,909799,FALSE,"1","72","72.1"
1367768.05314351,-2308588.46952149,909800,FALSE,"1","72","72.1"
1367817.10513162,-2308387.86502738,909801,FALSE,"1","72","72.1"
1367891.69232965,-2308059.29640857,909802,FALSE,"1","72","72.1"
1368007.34821592,-2307738.31508298,909803,FALSE,"1","72","72.1"
1368118.3750611,-2307515.87201511,909804,FALSE,"1","72","72.1"
1368179.24739678,-2307408.85322163,909805,FALSE,"1","72","72.1"
1368068.39223595,-2307385.76055414,909806,FALSE,"1","72","72.1"
1367950.9139806,-2307303.41705323,909807,FALSE,"1","72","72.1"
1367793.89954049,-2307158.81952032,909808,FALSE,"1","72","72.1"
1367512.66547745,-2306906.79840783,909809,FALSE,"1","72","72.1"
1367200.43574751,-2306629.79873412,909810,FALSE,"1","72","72.1"
1366884.08264659,-2306308.41018226,909811,FALSE,"1","72","72.1"
1366608.32459688,-2305986.93709341,909812,FALSE,"1","72","72.1"
1366393.74652447,-2305689.80258089,909813,FALSE,"1","72","72.1"
1366251.40641059,-2305434.20173356,909814,FALSE,"1","72","72.1"
1366189.85495641,-2305284.15545421,909815,FALSE,"1","72","72.1"
1366150.90065107,-2305189.06801811,909816,FALSE,"1","72","72.1"
1366006.57904692,-2304935.16712849,909817,FALSE,"1","72","72.1"
1365854.11723636,-2304729.32793779,909818,FALSE,"1","72","72.1"
1365632.18681622,-2304433.61246731,909819,FALSE,"1","72","72.1"
1365562.85255067,-2304289.61693556,909820,FALSE,"1","72","72.1"
1365386.74790815,-2304325.94800343,909821,FALSE,"1","72","72.1"
1364864.02650785,-2304446.48188907,909822,FALSE,"1","72","72.1"
1364696.21150139,-2304454.49989963,909823,FALSE,"1","72","72.1"
1364494.37002186,-2304479.05030905,909824,FALSE,"1","72","72.1"
1364350.84881471,-2304497.97403599,909825,FALSE,"1","72","72.1"
1364212.18288738,-2304520.65084674,909826,FALSE,"1","72","72.1"
1363997.12866013,-2304563.65914455,909827,FALSE,"1","72","72.1"
1363768.10818496,-2304591.41092045,909828,FALSE,"1","72","72.1"
1363668.603813,-2304588.17675446,909829,FALSE,"1","72","72.1"
1363629.05873524,-2304591.35752629,909830,FALSE,"1","72","72.1"
1363554.13461125,-2304584.26611459,909831,FALSE,"1","72","72.1"
1363544.84459897,-2304589.61010323,909832,FALSE,"1","72","72.1"
1363528.37136221,-2304591.15850961,909833,FALSE,"1","72","72.1"
1363095.37312309,-2304568.59988622,909834,FALSE,"1","72","72.1"
1363015.32777625,-2304560.07949646,909835,FALSE,"1","72","72.1"
1362205.38635926,-2304473.57634673,909836,FALSE,"1","72","72.1"
1361213.95638642,-2304228.44491392,909837,FALSE,"1","72","72.1"
1360414.17988326,-2303791.60428952,909838,FALSE,"1","72","72.1"
1359596.05224503,-2303165.02101551,909839,FALSE,"1","72","72.1"
1359004.19471649,-2302644.31286275,909840,FALSE,"1","72","72.1"
1358375.71608323,-2302027.58402851,909841,FALSE,"1","72","72.1"
1358224.25283693,-2301865.26656204,909842,FALSE,"1","72","72.1"
1357818.55113632,-2301430.60438304,909843,FALSE,"1","72","72.1"
1357016.15246308,-2300506.41503603,909844,FALSE,"1","72","72.1"
1356905.13857947,-2300305.16189921,909845,FALSE,"1","72","72.1"
1356762.87424595,-2300237.67084223,909846,FALSE,"1","72","72.1"
1356409.06703982,-2299975.40713672,909847,FALSE,"1","72","72.1"
1355926.81961141,-2299617.79461889,909848,FALSE,"1","72","72.1"
1355211.45738519,-2298888.64458368,909849,FALSE,"1","72","72.1"
1355135.5581965,-2298811.40433886,909850,FALSE,"1","72","72.1"
1354528.65012482,-2298265.00730945,909851,FALSE,"1","72","72.1"
1353888.9388863,-2297459.39881143,909852,FALSE,"1","72","72.1"
1353443.47216062,-2296666.08813468,909853,FALSE,"1","72","72.1"
1353130.15622039,-2296050.18981155,909854,FALSE,"1","72","72.1"
1352971.99905031,-2295386.490084,909855,FALSE,"1","72","72.1"
1352936.79641567,-2294841.71724039,909856,FALSE,"1","72","72.1"
1352904.37475845,-2294342.53870882,909857,FALSE,"1","72","72.1"
1352944.97872623,-2293384.57668774,909858,FALSE,"1","72","72.1"
1353180.58173961,-2292382.29201282,909859,FALSE,"1","72","72.1"
1353608.55828335,-2291222.29477474,909860,FALSE,"1","72","72.1"
1353964.70144264,-2290584.29181092,909861,FALSE,"1","72","72.1"
1354449.01118286,-2290053.65792261,909862,FALSE,"1","72","72.1"
1355051.90624735,-2289440.75376582,909863,FALSE,"1","72","72.1"
1355524.84813531,-2289004.3623673,909864,FALSE,"1","72","72.1"
1355891.08014806,-2288609.21343835,909865,FALSE,"1","72","72.1"
1358556.94230871,-2286878.67046173,909866,FALSE,"1","72","72.1"
1358793.51344675,-2286725.11104154,909867,FALSE,"1","72","72.1"
1358792.14399569,-2286719.53858647,909868,FALSE,"1","72","72.1"
1358807.76113344,-2286678.30587044,909869,FALSE,"1","72","72.1"
1358822.8890844,-2286638.55265943,909870,FALSE,"1","72","72.1"
1358862.33972913,-2286594.91902036,909871,FALSE,"1","72","72.1"
1358911.69506186,-2286522.58379033,909872,FALSE,"1","72","72.1"
1358954.96823172,-2286484.63022542,909873,FALSE,"1","72","72.1"
1358982.2997864,-2286459.28793576,909874,FALSE,"1","72","72.1"
1359052.01408696,-2286386.83071615,909875,FALSE,"1","72","72.1"
1359134.17602341,-2286306.04355478,909876,FALSE,"1","72","72.1"
1359226.21988412,-2286232.58445623,909877,FALSE,"1","72","72.1"
1359267.7524245,-2286176.87834266,909878,FALSE,"1","72","72.1"
1359351.17655327,-2286063.91790191,909879,FALSE,"1","72","72.1"
1359453.18876658,-2285928.4019309,909880,FALSE,"1","72","72.1"
1359571.66937179,-2285790.15747341,909881,FALSE,"1","72","72.1"
1359767.84037571,-2285526.95684244,909882,FALSE,"1","72","72.1"
1359869.14056415,-2285391.70469005,909883,FALSE,"1","72","72.1"
1359980.4989364,-2285261.12886266,909884,FALSE,"1","72","72.1"
1360091.86932454,-2285148.03016772,909885,FALSE,"1","72","72.1"
1360170.93957627,-2285075.57657974,909886,FALSE,"1","72","72.1"
1360254.3695004,-2284999.20699956,909887,FALSE,"1","72","72.1"
1360403.64926445,-2284864.52466829,909888,FALSE,"1","72","72.1"
1360525.68995637,-2284736.02548179,909889,FALSE,"1","72","72.1"
1360634.82957868,-2284607.93353501,909890,FALSE,"1","72","72.1"
1360763.42187464,-2284456.82753909,909891,FALSE,"1","72","72.1"
1360896.93986497,-2284302.28747479,909892,FALSE,"1","72","72.1"
1361081.85788696,-2284102.2852181,909893,FALSE,"1","72","72.1"
1361244.69998429,-2283901.77511896,909894,FALSE,"1","72","72.1"
1361354.43929128,-2283751.9554316,909895,FALSE,"1","72","72.1"
1361435.04116618,-2283648.84355977,909896,FALSE,"1","72","72.1"
1361523.30104654,-2283559.19886486,909897,FALSE,"1","72","72.1"
1361606.08822005,-2283466.38778635,909898,FALSE,"1","72","72.1"
1361705.4488695,-2283321.51080269,909899,FALSE,"1","72","72.1"
1361795.79476274,-2283194.55353246,909900,FALSE,"1","72","72.1"
1361949.95010781,-2282985.51984883,909901,FALSE,"1","72","72.1"
1362093.57464993,-2282808.60417325,909902,FALSE,"1","72","72.1"
1362252.03268149,-2282623.24507353,909903,FALSE,"1","72","72.1"
1362290.0438688,-2282591.28613283,909904,FALSE,"1","72","72.1"
1291758.21749696,-2345438.46309424,909905,FALSE,"2","72","72.2"
1291388.78642021,-2344533.18506201,909906,FALSE,"2","72","72.2"
1290892.93661245,-2342965.36727956,909907,FALSE,"2","72","72.2"
1290577.16487814,-2341713.79374686,909908,FALSE,"2","72","72.2"
1290576.72590108,-2341712.08980269,909909,FALSE,"2","72","72.2"
1290472.18555692,-2340686.01524031,909910,FALSE,"2","72","72.2"
1290606.06237961,-2340034.90934646,909911,FALSE,"2","72","72.2"
1291024.52178313,-2339129.4763759,909912,FALSE,"2","72","72.2"
1291467.48501658,-2338257.86578677,909913,FALSE,"2","72","72.2"
1292192.30073883,-2337271.01933649,909914,FALSE,"2","72","72.2"
1293021.91015532,-2336461.23290978,909915,FALSE,"2","72","72.2"
1293794.16230298,-2335894.39823018,909916,FALSE,"2","72","72.2"
1294918.1265881,-2335493.42645063,909917,FALSE,"2","72","72.2"
1295725.3658263,-2335268.5202225,909918,FALSE,"2","72","72.2"
1296788.33517318,-2335230.38527789,909919,FALSE,"2","72","72.2"
1298068.0797606,-2335468.76968975,909920,FALSE,"2","72","72.2"
1299005.02277845,-2335932.67962894,909921,FALSE,"2","72","72.2"
1299985.13929161,-2336620.98630682,909922,FALSE,"2","72","72.2"
1300598.47676045,-2337338.65137677,909923,FALSE,"2","72","72.2"
1301123.08994392,-2338224.34719018,909924,FALSE,"2","72","72.2"
1301347.23730431,-2338126.90290355,909925,FALSE,"2","72","72.2"
1302142.90073772,-2338170.80045092,909926,FALSE,"2","72","72.2"
1302274.08762334,-2337986.48597437,909927,FALSE,"2","72","72.2"
1302620.33237496,-2337625.25243957,909928,FALSE,"2","72","72.2"
1303106.04162324,-2337230.44733305,909929,FALSE,"2","72","72.2"
1303708.1825024,-2336865.30928147,909930,FALSE,"2","72","72.2"
1304437.56357195,-2336488.45250381,909931,FALSE,"2","72","72.2"
1305299.53377665,-2336247.55118558,909932,FALSE,"2","72","72.2"
1306287.54449581,-2336176.84914997,909933,FALSE,"2","72","72.2"
1307289.70510528,-2336251.02109181,909934,FALSE,"2","72","72.2"
1308322.02719312,-2336547.14133357,909935,FALSE,"2","72","72.2"
1309174.87404019,-2336993.63490457,909936,FALSE,"2","72","72.2"
1310161.9264774,-2337476.67659961,909937,FALSE,"2","72","72.2"
1310364.01968771,-2337609.31143723,909938,FALSE,"2","72","72.2"
1310951.373717,-2337994.59641152,909939,FALSE,"2","72","72.2"
1311784.91037763,-2338713.23873216,909940,FALSE,"2","72","72.2"
1312087.51289932,-2339189.06188531,909941,FALSE,"2","72","72.2"
1312610.01645384,-2339825.70180824,909942,FALSE,"2","72","72.2"
1313103.98135825,-2340622.74378271,909943,FALSE,"2","72","72.2"
1313510.8089195,-2341519.81345546,909944,FALSE,"2","72","72.2"
1313794.26547991,-2342360.87958463,909945,FALSE,"2","72","72.2"
1313957.35274697,-2343263.33681568,909946,FALSE,"2","72","72.2"
1314055.47473396,-2344095.42038463,909947,FALSE,"2","72","72.2"
1314058.13255244,-2344979.46653524,909948,FALSE,"2","72","72.2"
1313911.13417359,-2346022.78314782,909949,FALSE,"2","72","72.2"
1313575.51953537,-2347074.0889914,909950,FALSE,"2","72","72.2"
1313119.2842421,-2348170.99759313,909951,FALSE,"2","72","72.2"
1312821.68519761,-2348917.84939321,909952,FALSE,"2","72","72.2"
1312732.00611515,-2349143.01666821,909953,FALSE,"2","72","72.2"
1312272.05927654,-2350407.06313216,909954,FALSE,"2","72","72.2"
1311693.69501133,-2351423.56763482,909955,FALSE,"2","72","72.2"
1311003.93729304,-2352355.56576046,909956,FALSE,"2","72","72.2"
1309958.25232144,-2353370.73088548,909957,FALSE,"2","72","72.2"
1308869.78849762,-2354401.79283716,909958,FALSE,"2","72","72.2"
1308062.85601487,-2355046.07108317,909959,FALSE,"2","72","72.2"
1307751.79203389,-2355226.704274,909960,FALSE,"2","72","72.2"
1307722.82348556,-2355114.26593154,909961,FALSE,"2","72","72.2"
1307687.55091703,-2355139.8204744,909962,FALSE,"2","72","72.2"
1307262.86803121,-2355447.45715757,909963,FALSE,"2","72","72.2"
1306576.66297649,-2355708.83491259,909964,FALSE,"2","72","72.2"
1306002.56353199,-2355789.29659903,909965,FALSE,"2","72","72.2"
1305116.31777315,-2356253.05227487,909966,FALSE,"2","72","72.2"
1304592.55890497,-2356302.55275709,909967,FALSE,"2","72","72.2"
1303633.02039345,-2356411.22515441,909968,FALSE,"2","72","72.2"
1302716.17647274,-2356385.31782525,909969,FALSE,"2","72","72.2"
1302207.90852213,-2356270.84980862,909970,FALSE,"2","72","72.2"
1301920.0568933,-2356076.51302504,909971,FALSE,"2","72","72.2"
1301268.21661471,-2356127.16556493,909972,FALSE,"2","72","72.2"
1300096.15716988,-2356032.54834505,909973,FALSE,"2","72","72.2"
1299178.87241547,-2355781.58667095,909974,FALSE,"2","72","72.2"
1298241.92531883,-2355455.26603358,909975,FALSE,"2","72","72.2"
1297751.2882516,-2355199.80713157,909976,FALSE,"2","72","72.2"
1297092.92703464,-2355031.83904981,909977,FALSE,"2","72","72.2"
1296441.30985414,-2354829.89152563,909978,FALSE,"2","72","72.2"
1295595.71340986,-2354421.19645392,909979,FALSE,"2","72","72.2"
1294901.13285192,-2353935.45069113,909980,FALSE,"2","72","72.2"
1294282.58561851,-2353294.45021201,909981,FALSE,"2","72","72.2"
1294076.55031688,-2353053.71134744,909982,FALSE,"2","72","72.2"
1293528.86366166,-2352105.15242746,909983,FALSE,"2","72","72.2"
1293001.35062633,-2350963.80451945,909984,FALSE,"2","72","72.2"
1292896.19058057,-2350352.63505782,909985,FALSE,"2","72","72.2"
1292936.04795417,-2349686.21172037,909986,FALSE,"2","72","72.2"
1293080.09620838,-2349031.5747691,909987,FALSE,"2","72","72.2"
1293233.98688949,-2348444.10286589,909988,FALSE,"2","72","72.2"
1293446.75011935,-2347814.53463839,909989,FALSE,"2","72","72.2"
1293369.7808712,-2347520.17849527,909990,FALSE,"2","72","72.2"
1293295.39773062,-2347086.69245648,909991,FALSE,"2","72","72.2"
1293253.24237926,-2346731.72610103,909992,FALSE,"2","72","72.2"
1292986.02565399,-2346632.00814125,909993,FALSE,"2","72","72.2"
1292771.6847083,-2346466.76879154,909994,FALSE,"2","72","72.2"
1292074.06994805,-2346004.95610141,909995,FALSE,"2","72","72.2"
1291758.21749696,-2345438.46309424,909996,FALSE,"2","72","72.2"
1330857.57268658,-2302800.64708605,909997,FALSE,"3","72","72.3"
1330641.63113057,-2302338.34012897,909998,FALSE,"3","72","72.3"
1330345.82594294,-2301458.93926145,909999,FALSE,"3","72","72.3"
1330247.62864992,-2300287.0397816,910000,FALSE,"3","72","72.3"
1330334.21381642,-2299095.30730535,910001,FALSE,"3","72","72.3"
1330677.67407242,-2298009.62585053,910002,FALSE,"3","72","72.3"
1331260.44897504,-2296934.38247898,910003,FALSE,"3","72","72.3"
1331955.46133925,-2295989.25649532,910004,FALSE,"3","72","72.3"
1332668.0551579,-2295139.80395943,910005,FALSE,"3","72","72.3"
1333312.9466371,-2294560.72068422,910006,FALSE,"3","72","72.3"
1334035.14067731,-2294050.62744133,910007,FALSE,"3","72","72.3"
1335043.26003937,-2293510.95558506,910008,FALSE,"3","72","72.3"
1335897.39878028,-2293239.93771159,910009,FALSE,"3","72","72.3"
1337063.7464355,-2293073.48022235,910010,FALSE,"3","72","72.3"
1338248.41473172,-2293223.5924182,910011,FALSE,"3","72","72.3"
1339311.45299679,-2293559.01954702,910012,FALSE,"3","72","72.3"
1340381.33065898,-2293978.58934573,910013,FALSE,"3","72","72.3"
1341578.30954376,-2294728.2700473,910014,FALSE,"3","72","72.3"
1342185.95560144,-2295472.79767619,910015,FALSE,"3","72","72.3"
1342693.56531133,-2296279.73133519,910016,FALSE,"3","72","72.3"
1343075.13748024,-2297285.41859618,910017,FALSE,"3","72","72.3"
1343228.42661175,-2298062.8082664,910018,FALSE,"3","72","72.3"
1343218.29368094,-2298807.60908417,910019,FALSE,"3","72","72.3"
1343150.76290036,-2299411.02492711,910020,FALSE,"3","72","72.3"
1342988.43227523,-2300322.01246211,910021,FALSE,"3","72","72.3"
1342594.42011249,-2301314.79723229,910022,FALSE,"3","72","72.3"
1342078.40002928,-2302229.12636214,910023,FALSE,"3","72","72.3"
1341532.0067578,-2302997.97581948,910024,FALSE,"3","72","72.3"
1340798.70391446,-2303886.06819544,910025,FALSE,"3","72","72.3"
1340235.64661223,-2304398.28996745,910026,FALSE,"3","72","72.3"
1339126.93182561,-2305133.03882632,910027,FALSE,"3","72","72.3"
1338251.47836044,-2305479.16845433,910028,FALSE,"3","72","72.3"
1337459.52186423,-2305698.80520162,910029,FALSE,"3","72","72.3"
1336859.8343759,-2305789.13894007,910030,FALSE,"3","72","72.3"
1336258.88531716,-2305754.67934085,910031,FALSE,"3","72","72.3"
1335963.64251764,-2305749.78546124,910032,FALSE,"3","72","72.3"
1335400.88636687,-2305674.30455543,910033,FALSE,"3","72","72.3"
1334672.66672308,-2305544.34397701,910034,FALSE,"3","72","72.3"
1334097.03182693,-2305375.6708735,910035,FALSE,"3","72","72.3"
1333463.75445006,-2305134.82554554,910036,FALSE,"3","72","72.3"
1332853.56108059,-2304834.05054084,910037,FALSE,"3","72","72.3"
1332344.84054124,-2304506.52821857,910038,FALSE,"3","72","72.3"
1331829.60154838,-2304153.71670838,910039,FALSE,"3","72","72.3"
1331406.09047785,-2303589.42112926,910040,FALSE,"3","72","72.3"
1331081.75014126,-2303210.83673749,910041,FALSE,"3","72","72.3"
1330857.57268658,-2302800.64708605,910042,FALSE,"3","72","72.3"
